Date,Menu_Item_Name,Food_Category,Contains_Meat,Contains_Dairy,Contains_Vegetables,Is_Fried,Has_Sauce,Is_Sweet,Is_Spicy,Is_Finger_Food,Is_Preprocessed,Serving_Size_Grams,Total_Servings_Prepared,Total_Servings_Wasted,Contains Meat,Contains Dairy,Contains Vegetables,Is Fried,Has Sauce,Is Sweet,Is Spicy,Is Finger Food,Is Preprocessed,Total_Servings_Served
2023-09-01,Fried Chicken,Main dish,Yes,No,No,Yes,No,No,No,No,No,284,291.0,32,,,,,,,,,,
2023-09-01,French Fries,Side,No,No,Yes,Yes,No,No,No,Yes,No,137,264.0,0,,,,,,,,,,
2023-09-01,Steamed Broccoli,Vegetable,No,No,Yes,No,No,No,No,No,Yes,102,140.0,13,,,,,,,,,,
2023-09-01,Banana,Fruit,No,No,No,No,No,Yes,No,No,No,101,123.0,0,,,,,,,,,,
2023-09-01,Chocolate Pudding,Dessert,No,Yes,No,No,No,Yes,No,No,Yes,166,297.0,56,,,,,,,,,,
2023-09-04,Fried Chicken,Main dish,Yes,No,No,Yes,No,No,No,No,No,290,292.0,23,,,,,,,,,,
2023-09-04,French Fries,Side,No,No,Yes,Yes,No,No,No,Yes,No,147,211.0,16,,,,,,,,,,
2023-09-04,Steamed Broccoli,Vegetable,No,No,Yes,No,No,No,No,No,Yes,97,122.0,6,,,,,,,,,,
2023-09-04,Orange Wedges,Fruit,No,No,No,No,No,No,No,Yes,No,87,166.0,1,,,,,,,,,,
2023-09-04,Cookies,Dessert,No,No,No,No,No,Yes,No,Yes,No,173,240.0,21,,,,,,,,,,
2023-09-05,Spaghetti Bolognese,Main dish,Yes,No,No,No,Yes,No,No,No,No,244,260.0,0,,,,,,,,,,
2023-09-05,French Fries,Side,No,No,Yes,Yes,No,No,Yes,Yes,Yes,123,337.0,43,,,,,,,,,,
2023-09-05,Mixed Salad,Vegetable,No,No,Yes,No,No,No,No,No,No,115,206.0,1,,,,,,,,,,
2023-09-05,Grapes,Fruit,No,No,No,No,No,No,No,Yes,Yes,145,125.0,9,,,,,,,,,,
2023-09-05,Apple Pie,Dessert,No,No,No,No,No,Yes,No,No,No,166,227.0,4,,,,,,,,,,
2023-09-06,Cheeseburger,Main dish,Yes,Yes,No,No,Yes,No,No,No,No,221,246.0,11,,,,,,,,,,
2023-09-06,Rice Pilaf,Side,No,No,Yes,No,No,No,No,No,Yes,135,313.0,45,,,,,,,,,,
2023-09-06,Green Beans,Vegetable,No,No,Yes,No,No,No,No,No,Yes,116,174.0,35,,,,,,,,,,
2023-09-06,Grapes,Fruit,No,No,No,No,No,No,No,Yes,No,132,168.0,7,,,,,,,,,,
2023-09-06,Cookies,Dessert,No,No,No,No,No,Yes,No,Yes,No,137,232.0,0,,,,,,,,,,
2023-09-07,Grilled Cheese Sandwich,Main dish,No,Yes,No,No,Yes,No,No,No,No,236,229.0,0,,,,,,,,,,
2023-09-07,French Fries,Side,No,No,Yes,Yes,No,No,No,Yes,No,147,337.0,0,,,,,,,,,,
2023-09-07,Steamed Broccoli,Vegetable,No,No,Yes,No,No,No,No,No,No,82,228.0,23,,,,,,,,,,
2023-09-07,Orange Wedges,Fruit,No,No,No,No,No,No,No,Yes,No,111,176.0,6,,,,,,,,,,
2023-09-07,Ice Cream Cup,Dessert,No,Yes,No,No,No,Yes,Yes,No,No,146,270.0,43,,,,,,,,,,
2023-09-08,Spaghetti Bolognese,Main dish,Yes,No,No,No,Yes,No,No,No,No,283,199.0,16,,,,,,,,,,
2023-09-08,Garlic Bread,Side,No,No,Yes,No,No,No,No,No,Yes,141,338.0,60,,,,,,,,,,
2023-09-08,Steamed Broccoli,Vegetable,No,No,Yes,No,No,No,No,No,Yes,120,250.0,46,,,,,,,,,,
2023-09-08,Fruit Cup,Fruit,No,No,No,No,No,Yes,No,No,No,122,181.0,5,,,,,,,,,,
2023-09-08,Cookies,Dessert,No,No,No,No,No,Yes,No,Yes,Yes,119,245.0,17,,,,,,,,,,
2023-09-11,Grilled Cheese Sandwich,Main dish,No,Yes,No,No,Yes,No,No,No,No,284,259.0,28,,,,,,,,,,
2023-09-11,Mashed Potatoes,Side,No,No,Yes,No,No,No,No,No,No,136,314.0,12,,,,,,,,,,
2023-09-11,Carrot Sticks,Vegetable,No,No,Yes,No,No,No,No,Yes,Yes,96,188.0,29,,,,,,,,,,
2023-09-11,Grapes,Fruit,No,No,No,No,No,No,No,Yes,Yes,123,113.0,1,,,,,,,,,,
2023-09-11,Apple Pie,Dessert,No,No,No,No,No,Yes,No,No,No,117,302.0,10,,,,,,,,,,
2023-09-12,Chicken Nuggets,Main dish,Yes,No,No,Yes,No,No,No,Yes,Yes,201,252.0,13,,,,,,,,,,
2023-09-12,French Fries,Side,No,No,Yes,Yes,No,No,No,Yes,No,112,299.0,0,,,,,,,,,,
2023-09-12,Steamed Broccoli,Vegetable,No,No,Yes,No,No,No,No,No,Yes,88,242.0,16,,,,,,,,,,
2023-09-12,Orange Wedges,Fruit,No,No,No,No,No,No,No,Yes,Yes,115,110.0,7,,,,,,,,,,
2023-09-12,Ice Cream Cup,Dessert,No,Yes,No,No,No,Yes,No,No,No,102,214.0,0,,,,,,,,,,
2023-09-13,Fried Chicken,Main dish,Yes,No,No,Yes,No,No,No,No,Yes,243,180.0,24,,,,,,,,,,
2023-09-13,Mashed Potatoes,Side,No,No,Yes,No,No,No,No,No,Yes,132,276.0,36,,,,,,,,,,
2023-09-13,Roasted Veggies,Vegetable,No,No,Yes,No,No,No,No,No,No,120,130.0,3,,,,,,,,,,
2023-09-13,Apple Slices,Fruit,No,No,No,No,No,No,No,No,No,103,187.0,23,,,,,,,,,,
2023-09-13,Brownie,Dessert,No,No,No,No,No,Yes,No,No,Yes,177,280.0,26,,,,,,,,,,
2023-09-14,Grilled Cheese Sandwich,Main dish,No,Yes,No,No,Yes,No,No,No,No,268,283.0,5,,,,,,,,,,
2023-09-14,Mac and Cheese,Side,No,Yes,Yes,No,Yes,No,No,No,No,114,226.0,43,,,,,,,,,,
2023-09-14,Steamed Broccoli,Vegetable,No,No,Yes,No,No,No,No,No,No,110,108.0,1,,,,,,,,,,
2023-09-14,Fruit Cup,Fruit,No,No,No,No,No,Yes,No,No,Yes,130,245.0,25,,,,,,,,,,
2023-09-14,Cookies,Dessert,No,No,No,No,No,Yes,No,Yes,No,107,316.0,0,,,,,,,,,,
2023-09-15,Fried Chicken,Main dish,Yes,No,No,Yes,No,No,No,No,No,274,201.0,1,,,,,,,,,,
2023-09-15,Rice Pilaf,Side,No,No,Yes,No,No,No,No,No,No,135,281.0,15,,,,,,,,,,
2023-09-15,Carrot Sticks,Vegetable,No,No,Yes,No,No,No,No,Yes,No,111,237.0,0,,,,,,,,,,
2023-09-15,Apple Slices,Fruit,No,No,No,No,No,No,No,No,Yes,92,249.0,44,,,,,,,,,,
2023-09-15,Cookies,Dessert,No,No,No,No,No,Yes,Yes,Yes,No,170,316.0,20,,,,,,,,,,
2023-09-18,Spaghetti Bolognese,Main dish,Yes,No,No,No,Yes,No,No,No,Yes,288,190.0,9,,,,,,,,,,
2023-09-18,Garlic Bread,Side,No,No,Yes,No,No,No,No,No,No,104,210.0,7,,,,,,,,,,
2023-09-18,Steamed Broccoli,Vegetable,No,No,Yes,No,No,No,No,No,Yes,82,169.0,33,,,,,,,,,,
2023-09-18,Orange Wedges,Fruit,No,No,No,No,No,No,No,Yes,Yes,140,195.0,15,,,,,,,,,,
2023-09-18,Cookies,Dessert,No,No,No,No,No,Yes,No,Yes,No,114,340.0,10,,,,,,,,,,
2023-09-19,Chicken Nuggets,Main dish,Yes,No,No,Yes,No,No,No,Yes,No,275,192.0,5,,,,,,,,,,
2023-09-19,Mac and Cheese,Side,No,Yes,Yes,No,Yes,No,No,No,No,140,274.0,0,,,,,,,,,,
2023-09-19,Steamed Broccoli,Vegetable,No,No,Yes,No,No,No,No,No,No,90,174.0,2,,,,,,,,,,
2023-09-19,Orange Wedges,Fruit,No,No,No,No,No,No,No,Yes,No,122,225.0,0,,,,,,,,,,
2023-09-19,Apple Pie,Dessert,No,No,No,No,No,Yes,No,No,No,110,325.0,0,,,,,,,,,,
2023-09-20,Fried Chicken,Main dish,Yes,No,No,Yes,No,No,No,No,No,278,270.0,10,,,,,,,,,,
2023-09-20,Mac and Cheese,Side,No,Yes,Yes,No,Yes,No,No,No,Yes,102,272.0,42,,,,,,,,,,
2023-09-20,Carrot Sticks,Vegetable,No,No,Yes,No,No,No,No,Yes,Yes,117,178.0,17,,,,,,,,,,
2023-09-20,Apple Slices,Fruit,No,No,No,No,No,No,No,No,No,107,168.0,16,,,,,,,,,,
2023-09-20,Apple Pie,Dessert,No,No,No,No,No,Yes,No,No,Yes,126,236.0,42,,,,,,,,,,
2023-09-21,Grilled Cheese Sandwich,Main dish,No,Yes,No,No,Yes,No,No,No,No,223,156.0,2,,,,,,,,,,
2023-09-21,Mac and Cheese,Side,No,Yes,Yes,No,Yes,No,No,No,No,129,300.0,0,,,,,,,,,,
2023-09-21,Steamed Broccoli,Vegetable,No,No,Yes,No,No,No,No,No,No,107,228.0,20,,,,,,,,,,
2023-09-21,Fruit Cup,Fruit,No,No,No,No,No,Yes,No,No,No,125,118.0,4,,,,,,,,,,
2023-09-21,Ice Cream Cup,Dessert,No,Yes,No,No,No,Yes,No,No,No,158,254.0,19,,,,,,,,,,
2023-09-22,Chicken Nuggets,Main dish,Yes,No,No,Yes,No,No,No,Yes,No,208,289.0,23,,,,,,,,,,
2023-09-22,French Fries,Side,No,No,Yes,Yes,No,No,No,Yes,No,150,301.0,0,,,,,,,,,,
2023-09-22,Carrot Sticks,Vegetable,No,No,Yes,No,No,No,No,Yes,No,113,197.0,0,,,,,,,,,,
2023-09-22,Apple Slices,Fruit,No,No,No,No,No,No,No,No,No,99,145.0,1,,,,,,,,,,
2023-09-22,Cookies,Dessert,No,No,No,No,No,Yes,No,Yes,Yes,104,334.0,7,,,,,,,,,,
2023-09-25,Chicken Nuggets,Main dish,Yes,No,No,Yes,No,No,No,Yes,No,219,241.0,0,,,,,,,,,,
2023-09-25,French Fries,Side,No,No,Yes,Yes,No,No,No,Yes,Yes,133,281.0,43,,,,,,,,,,
2023-09-25,Carrot Sticks,Vegetable,No,No,Yes,No,No,No,No,Yes,No,97,221.0,18,,,,,,,,,,
2023-09-25,Apple Slices,Fruit,No,No,No,No,No,No,No,No,No,131,109.0,9,,,,,,,,,,
2023-09-25,Cookies,Dessert,No,No,No,No,No,Yes,No,Yes,Yes,152,334.0,24,,,,,,,,,,
2023-09-26,Spaghetti Bolognese,Main dish,Yes,No,No,No,Yes,No,No,No,No,244,216.0,16,,,,,,,,,,
2023-09-26,Mac and Cheese,Side,No,Yes,Yes,No,Yes,No,No,No,No,117,296.0,10,,,,,,,,,,
2023-09-26,Steamed Broccoli,Vegetable,No,No,Yes,No,No,No,No,No,No,97,212.0,35,,,,,,,,,,
2023-09-26,Orange Wedges,Fruit,No,No,No,No,No,No,No,Yes,No,143,147.0,0,,,,,,,,,,
2023-09-26,Apple Pie,Dessert,No,No,No,No,No,Yes,No,No,No,172,287.0,18,,,,,,,,,,
2023-09-27,Chicken Nuggets,Main dish,Yes,No,No,Yes,No,No,No,Yes,Yes,243,198.0,28,,,,,,,,,,
2023-09-27,Garlic Bread,Side,No,No,Yes,No,No,No,No,No,No,121,269.0,18,,,,,,,,,,
2023-09-27,Steamed Broccoli,Vegetable,No,No,Yes,No,No,No,No,No,No,90,189.0,19,,,,,,,,,,
2023-09-27,Orange Wedges,Fruit,No,No,No,No,No,No,No,Yes,Yes,139,236.0,48,,,,,,,,,,
2023-09-27,Cookies,Dessert,No,No,No,No,No,Yes,No,Yes,Yes,125,341.0,57,,,,,,,,,,
2023-09-28,Grilled Cheese Sandwich,Main dish,No,Yes,No,No,Yes,No,No,No,No,284,157.0,4,,,,,,,,,,
2023-09-28,French Fries,Side,No,No,Yes,Yes,No,No,No,Yes,No,111,334.0,0,,,,,,,,,,
2023-09-28,Roasted Veggies,Vegetable,No,No,Yes,No,No,No,No,No,No,99,115.0,14,,,,,,,,,,
2023-09-28,Orange Wedges,Fruit,No,No,No,No,No,No,No,Yes,No,129,248.0,0,,,,,,,,,,
2023-09-28,Ice Cream Cup,Dessert,No,Yes,No,No,No,Yes,No,No,Yes,148,220.0,40,,,,,,,,,,
2023-09-29,Grilled Cheese Sandwich,Main dish,No,Yes,No,No,Yes,No,No,No,No,209,153.0,15,,,,,,,,,,
2023-09-29,Mashed Potatoes,Side,No,No,Yes,No,No,No,No,No,No,127,288.0,22,,,,,,,,,,
2023-09-29,Steamed Broccoli,Vegetable,No,No,Yes,No,No,No,No,No,Yes,117,149.0,32,,,,,,,,,,
2023-09-29,Fruit Cup,Fruit,No,No,No,No,No,Yes,No,No,No,116,236.0,13,,,,,,,,,,
2023-09-29,Chocolate Pudding,Dessert,No,Yes,No,No,No,Yes,No,No,Yes,159,306.0,77,,,,,,,,,,
2023-10-02,Grilled Cheese Sandwich,Main dish,No,Yes,No,No,Yes,No,No,No,No,200,176.0,7,,,,,,,,,,
2023-10-02,Mashed Potatoes,Side,No,No,Yes,No,No,No,Yes,No,No,101,235.0,42,,,,,,,,,,
2023-10-02,Green Beans,Vegetable,No,No,Yes,No,No,No,No,No,Yes,103,191.0,18,,,,,,,,,,
2023-10-02,Apple Slices,Fruit,No,No,No,No,No,No,No,No,No,81,207.0,14,,,,,,,,,,
2023-10-02,Brownie,Dessert,No,No,No,No,No,Yes,No,No,Yes,150,251.0,28,,,,,,,,,,
2023-10-03,Fried Chicken,Main dish,Yes,No,No,Yes,No,No,No,No,Yes,300,189.0,19,,,,,,,,,,
2023-10-03,Rice Pilaf,Side,No,No,Yes,No,No,No,No,No,Yes,109,326.0,50,,,,,,,,,,
2023-10-03,Roasted Veggies,Vegetable,No,No,Yes,No,No,No,No,No,No,95,121.0,9,,,,,,,,,,
2023-10-03,Banana,Fruit,No,No,No,No,No,Yes,Yes,No,No,107,118.0,7,,,,,,,,,,
2023-10-03,Apple Pie,Dessert,No,No,No,No,No,Yes,No,No,No,134,331.0,9,,,,,,,,,,
2023-10-04,Grilled Cheese Sandwich,Main dish,No,Yes,No,No,Yes,No,No,No,Yes,235,210.0,27,,,,,,,,,,
2023-10-04,Mashed Potatoes,Side,No,No,Yes,No,No,No,No,No,No,109,240.0,23,,,,,,,,,,
2023-10-04,Carrot Sticks,Vegetable,No,No,Yes,No,No,No,No,Yes,Yes,94,144.0,13,,,,,,,,,,
2023-10-04,Banana,Fruit,No,No,No,No,No,Yes,No,No,No,84,225.0,13,,,,,,,,,,
2023-10-04,Brownie,Dessert,No,No,No,No,No,Yes,No,No,No,164,227.0,7,,,,,,,,,,
2023-10-05,Grilled Cheese Sandwich,Main dish,No,Yes,No,No,Yes,No,No,No,No,277,225.0,15,,,,,,,,,,
2023-10-05,Mashed Potatoes,Side,No,No,Yes,No,No,No,No,No,Yes,137,336.0,61,,,,,,,,,,
2023-10-05,Mixed Salad,Vegetable,No,No,Yes,No,No,No,No,No,No,120,219.0,21,,,,,,,,,,
2023-10-05,Banana,Fruit,No,No,No,No,No,Yes,No,No,No,107,116.0,2,,,,,,,,,,
2023-10-05,Apple Pie,Dessert,No,No,No,No,No,Yes,No,No,No,122,330.0,0,,,,,,,,,,
2023-10-06,Cheeseburger,Main dish,Yes,Yes,No,No,Yes,No,No,No,Yes,243,296.0,47,,,,,,,,,,
2023-10-06,Garlic Bread,Side,No,No,Yes,No,No,No,No,No,No,150,255.0,24,,,,,,,,,,
2023-10-06,Green Beans,Vegetable,No,No,Yes,No,No,No,No,No,No,83,249.0,8,,,,,,,,,,
2023-10-06,Apple Slices,Fruit,No,No,No,No,No,No,No,No,No,96,173.0,0,,,,,,,,,,
2023-10-06,Apple Pie,Dessert,No,No,No,No,No,Yes,No,No,Yes,141,249.0,58,,,,,,,,,,
2023-10-09,Cheeseburger,Main dish,Yes,Yes,No,No,Yes,No,No,No,Yes,218,154.0,15,,,,,,,,,,
2023-10-09,Rice Pilaf,Side,No,No,Yes,No,No,No,No,No,Yes,137,288.0,45,,,,,,,,,,
2023-10-09,Mixed Salad,Vegetable,No,No,Yes,No,No,No,No,No,No,104,158.0,13,,,,,,,,,,
2023-10-09,Orange Wedges,Fruit,No,No,No,No,No,No,No,Yes,Yes,130,147.0,26,,,,,,,,,,
2023-10-09,Chocolate Pudding,Dessert,No,Yes,No,No,No,Yes,No,No,No,180,261.0,41,,,,,,,,,,
2023-10-10,Cheeseburger,Main dish,Yes,Yes,No,No,Yes,No,No,No,No,280,269.0,9,,,,,,,,,,
2023-10-10,Rice Pilaf,Side,No,No,Yes,No,No,No,No,No,No,108,283.0,25,,,,,,,,,,
2023-10-10,Carrot Sticks,Vegetable,No,No,Yes,No,No,No,No,Yes,Yes,95,141.0,1,,,,,,,,,,
2023-10-10,Apple Slices,Fruit,No,No,No,No,No,No,No,No,Yes,84,130.0,22,,,,,,,,,,
2023-10-10,Brownie,Dessert,No,No,No,No,No,Yes,No,No,Yes,113,252.0,42,,,,,,,,,,
2023-10-11,Fried Chicken,Main dish,Yes,No,No,Yes,No,No,No,No,Yes,283,293.0,48,,,,,,,,,,
2023-10-11,Garlic Bread,Side,No,No,Yes,No,No,No,No,No,Yes,131,221.0,28,,,,,,,,,,
2023-10-11,Mixed Salad,Vegetable,No,No,Yes,No,No,No,No,No,No,118,193.0,6,,,,,,,,,,
2023-10-11,Orange Wedges,Fruit,No,No,No,No,No,No,No,Yes,No,121,235.0,6,,,,,,,,,,
2023-10-11,Cookies,Dessert,No,No,No,No,No,Yes,No,Yes,Yes,171,244.0,44,,,,,,,,,,
2023-10-12,Grilled Cheese Sandwich,Main dish,No,Yes,No,No,Yes,No,No,No,Yes,297,250.0,43,,,,,,,,,,
2023-10-12,Mashed Potatoes,Side,No,No,Yes,No,No,No,No,No,No,105,217.0,27,,,,,,,,,,
2023-10-12,Mixed Salad,Vegetable,No,No,Yes,No,No,No,No,No,Yes,81,196.0,29,,,,,,,,,,
2023-10-12,Grapes,Fruit,No,No,No,No,No,No,No,Yes,Yes,147,189.0,17,,,,,,,,,,
2023-10-12,Apple Pie,Dessert,No,No,No,No,No,Yes,No,No,No,168,225.0,14,,,,,,,,,,
2023-10-13,Spaghetti Bolognese,Main dish,Yes,No,No,No,Yes,No,No,No,No,296,272.0,12,,,,,,,,,,
2023-10-13,Rice Pilaf,Side,No,No,Yes,No,No,No,No,No,Yes,118,255.0,40,,,,,,,,,,
2023-10-13,Green Beans,Vegetable,No,No,Yes,No,No,No,No,No,No,83,158.0,5,,,,,,,,,,
2023-10-13,Orange Wedges,Fruit,No,No,No,No,No,No,No,Yes,No,106,161.0,2,,,,,,,,,,
2023-10-13,Brownie,Dessert,No,No,No,No,No,Yes,No,No,Yes,150,337.0,58,,,,,,,,,,
2023-10-16,Spaghetti Bolognese,Main dish,Yes,No,No,No,Yes,No,No,No,Yes,228,157.0,18,,,,,,,,,,
2023-10-16,Mac and Cheese,Side,No,Yes,Yes,No,Yes,No,No,No,No,147,314.0,0,,,,,,,,,,
2023-10-16,Mixed Salad,Vegetable,No,No,Yes,No,No,No,No,No,No,95,243.0,20,,,,,,,,,,
2023-10-16,Orange Wedges,Fruit,No,No,No,No,No,No,No,Yes,No,112,130.0,8,,,,,,,,,,
2023-10-16,Brownie,Dessert,No,No,No,No,No,Yes,No,No,No,131,285.0,15,,,,,,,,,,
2023-10-17,Grilled Cheese Sandwich,Main dish,No,Yes,No,No,Yes,No,No,No,No,268,215.0,11,,,,,,,,,,
2023-10-17,Mac and Cheese,Side,No,Yes,Yes,No,Yes,No,No,No,No,146,286.0,35,,,,,,,,,,
2023-10-17,Roasted Veggies,Vegetable,No,No,Yes,No,No,No,No,No,No,94,210.0,8,,,,,,,,,,
2023-10-17,Apple Slices,Fruit,No,No,No,No,No,No,No,No,No,102,115.0,6,,,,,,,,,,
2023-10-17,Apple Pie,Dessert,No,No,No,No,No,Yes,No,No,No,141,290.0,34,,,,,,,,,,
2023-10-18,Spaghetti Bolognese,Main dish,Yes,No,No,No,Yes,No,No,No,Yes,247,239.0,62,,,,,,,,,,
2023-10-18,Mashed Potatoes,Side,No,No,Yes,No,No,No,No,No,Yes,101,313.0,52,,,,,,,,,,
2023-10-18,Steamed Broccoli,Vegetable,No,No,Yes,No,No,No,No,No,Yes,106,208.0,29,,,,,,,,,,
2023-10-18,Fruit Cup,Fruit,No,No,No,No,No,Yes,No,No,No,104,250.0,9,,,,,,,,,,
2023-10-18,Apple Pie,Dessert,No,No,No,No,No,Yes,No,No,Yes,161,298.0,29,,,,,,,,,,
2023-10-19,Fried Chicken,Main dish,Yes,No,No,Yes,No,No,No,No,Yes,278,187.0,8,,,,,,,,,,
2023-10-19,Mashed Potatoes,Side,No,No,Yes,No,No,No,No,No,No,119,207.0,5,,,,,,,,,,
2023-10-19,Steamed Broccoli,Vegetable,No,No,Yes,No,No,No,No,No,No,99,146.0,11,,,,,,,,,,
2023-10-19,Orange Wedges,Fruit,No,No,No,No,No,No,No,Yes,Yes,87,135.0,12,,,,,,,,,,
2023-10-19,Apple Pie,Dessert,No,No,No,No,No,Yes,No,No,No,102,221.0,4,,,,,,,,,,
2023-10-20,Fried Chicken,Main dish,Yes,No,No,Yes,No,No,No,No,Yes,207,215.0,37,,,,,,,,,,
2023-10-20,Garlic Bread,Side,No,No,Yes,No,No,No,No,No,Yes,104,238.0,53,,,,,,,,,,
2023-10-20,Carrot Sticks,Vegetable,No,No,Yes,No,No,No,No,Yes,Yes,114,139.0,16,,,,,,,,,,
2023-10-20,Apple Slices,Fruit,No,No,No,No,No,No,No,No,No,136,106.0,12,,,,,,,,,,
2023-10-20,Cookies,Dessert,No,No,No,No,No,Yes,No,Yes,No,152,346.0,9,,,,,,,,,,
2023-10-23,Grilled Cheese Sandwich,Main dish,No,Yes,No,No,Yes,No,No,No,No,270,187.0,9,,,,,,,,,,
2023-10-23,Rice Pilaf,Side,No,No,Yes,No,No,No,No,No,No,127,337.0,11,,,,,,,,,,
2023-10-23,Steamed Broccoli,Vegetable,No,No,Yes,No,No,No,No,No,No,102,194.0,1,,,,,,,,,,
2023-10-23,Orange Wedges,Fruit,No,No,No,No,No,No,No,Yes,Yes,141,225.0,14,,,,,,,,,,
2023-10-23,Cookies,Dessert,No,No,No,No,No,Yes,No,Yes,Yes,104,261.0,17,,,,,,,,,,
2023-10-24,Grilled Cheese Sandwich,Main dish,No,Yes,No,No,Yes,No,No,No,No,207,249.0,0,,,,,,,,,,
2023-10-24,Mac and Cheese,Side,No,Yes,Yes,No,Yes,No,No,No,No,129,314.0,28,,,,,,,,,,
2023-10-24,Carrot Sticks,Vegetable,No,No,Yes,No,No,No,No,Yes,No,105,241.0,24,,,,,,,,,,
2023-10-24,Grapes,Fruit,No,No,No,No,No,No,No,Yes,No,129,156.0,0,,,,,,,,,,
2023-10-24,Apple Pie,Dessert,No,No,No,No,No,Yes,No,No,Yes,117,207.0,26,,,,,,,,,,
2023-10-25,Grilled Cheese Sandwich,Main dish,No,Yes,No,No,Yes,No,No,No,Yes,222,289.0,51,,,,,,,,,,
2023-10-25,Mac and Cheese,Side,No,Yes,Yes,No,Yes,No,No,No,No,103,316.0,0,,,,,,,,,,
2023-10-25,Carrot Sticks,Vegetable,No,No,Yes,No,No,No,No,Yes,Yes,108,174.0,9,,,,,,,,,,
2023-10-25,Grapes,Fruit,No,No,No,No,No,No,No,Yes,No,92,185.0,12,,,,,,,,,,
2023-10-25,Cookies,Dessert,No,No,No,No,No,Yes,No,Yes,No,122,287.0,0,,,,,,,,,,
2023-10-26,Spaghetti Bolognese,Main dish,Yes,No,No,No,Yes,No,No,No,Yes,254,294.0,54,,,,,,,,,,
2023-10-26,French Fries,Side,No,No,Yes,Yes,No,No,Yes,Yes,No,114,208.0,8,,,,,,,,,,
2023-10-26,Carrot Sticks,Vegetable,No,No,Yes,No,No,No,No,Yes,No,87,167.0,5,,,,,,,,,,
2023-10-26,Fruit Cup,Fruit,No,No,No,No,No,Yes,No,No,No,90,249.0,17,,,,,,,,,,
2023-10-26,Chocolate Pudding,Dessert,No,Yes,No,No,No,Yes,No,No,Yes,110,348.0,53,,,,,,,,,,
2023-10-27,Chicken Nuggets,Main dish,Yes,No,No,Yes,No,No,No,Yes,Yes,206,172.0,20,,,,,,,,,,
2023-10-27,French Fries,Side,No,No,Yes,Yes,No,No,No,Yes,No,128,266.0,5,,,,,,,,,,
2023-10-27,Green Beans,Vegetable,No,No,Yes,No,No,No,No,No,No,99,101.0,3,,,,,,,,,,
2023-10-27,Apple Slices,Fruit,No,No,No,No,No,No,No,No,No,148,234.0,5,,,,,,,,,,
2023-10-27,Brownie,Dessert,No,No,No,No,No,Yes,No,No,No,142,276.0,17,,,,,,,,,,
2023-10-30,Cheeseburger,Main dish,Yes,Yes,No,No,Yes,No,No,No,No,281,246.0,9,,,,,,,,,,
2023-10-30,Mashed Potatoes,Side,No,No,Yes,No,No,No,No,No,No,140,300.0,13,,,,,,,,,,
2023-10-30,Steamed Broccoli,Vegetable,No,No,Yes,No,No,No,No,No,Yes,82,129.0,27,,,,,,,,,,
2023-10-30,Orange Wedges,Fruit,No,No,No,No,No,No,No,Yes,No,102,231.0,6,,,,,,,,,,
2023-10-30,Ice Cream Cup,Dessert,No,Yes,No,No,No,Yes,No,No,No,101,283.0,32,,,,,,,,,,
2023-10-31,Grilled Cheese Sandwich,Main dish,No,Yes,No,No,Yes,No,No,No,Yes,217,263.0,37,,,,,,,,,,
2023-10-31,Garlic Bread,Side,No,No,Yes,No,No,No,No,No,No,138,234.0,28,,,,,,,,,,
2023-10-31,Steamed Broccoli,Vegetable,No,No,Yes,No,No,No,No,No,Yes,107,102.0,18,,,,,,,,,,
2023-10-31,Apple Slices,Fruit,No,No,No,No,No,No,No,No,Yes,95,116.0,17,,,,,,,,,,
2023-10-31,Apple Pie,Dessert,No,No,No,No,No,Yes,No,No,Yes,146,345.0,39,,,,,,,,,,
2023-11-01,Fried Chicken,Main dish,Yes,No,No,Yes,No,No,No,No,Yes,256,266.0,56,,,,,,,,,,
2023-11-01,Rice Pilaf,Side,No,No,Yes,No,No,No,Yes,No,Yes,125,296.0,80,,,,,,,,,,
2023-11-01,Steamed Broccoli,Vegetable,No,No,Yes,No,No,No,No,No,Yes,105,237.0,40,,,,,,,,,,
2023-11-01,Orange Wedges,Fruit,No,No,No,No,No,No,No,Yes,No,110,199.0,0,,,,,,,,,,
2023-11-01,Ice Cream Cup,Dessert,No,Yes,No,No,No,Yes,No,No,No,116,260.0,13,,,,,,,,,,
2023-11-02,Fried Chicken,Main dish,Yes,No,No,Yes,No,No,No,No,No,263,292.0,1,,,,,,,,,,
2023-11-02,Rice Pilaf,Side,No,No,Yes,No,No,No,No,No,No,150,247.0,7,,,,,,,,,,
2023-11-02,Green Beans,Vegetable,No,No,Yes,No,No,No,No,No,No,91,127.0,0,,,,,,,,,,
2023-11-02,Banana,Fruit,No,No,No,No,No,Yes,No,No,No,125,203.0,14,,,,,,,,,,
2023-11-02,Chocolate Pudding,Dessert,No,Yes,No,No,No,Yes,No,No,No,180,301.0,24,,,,,,,,,,
2023-11-03,Fried Chicken,Main dish,Yes,No,No,Yes,No,No,No,No,No,218,195.0,21,,,,,,,,,,
2023-11-03,Mashed Potatoes,Side,No,No,Yes,No,No,No,No,No,No,137,348.0,11,,,,,,,,,,
2023-11-03,Steamed Broccoli,Vegetable,No,No,Yes,No,No,No,No,No,Yes,91,213.0,28,,,,,,,,,,
2023-11-03,Grapes,Fruit,No,No,No,No,No,No,Yes,Yes,No,129,126.0,7,,,,,,,,,,
2023-11-03,Cookies,Dessert,No,No,No,No,No,Yes,No,Yes,No,160,242.0,0,,,,,,,,,,
2023-11-06,Cheeseburger,Main dish,Yes,Yes,No,No,Yes,No,No,No,No,248,229.0,9,,,,,,,,,,
2023-11-06,Rice Pilaf,Side,No,No,Yes,No,No,No,No,No,No,112,239.0,14,,,,,,,,,,
2023-11-06,Mixed Salad,Vegetable,No,No,Yes,No,No,No,No,No,Yes,92,119.0,20,,,,,,,,,,
2023-11-06,Orange Wedges,Fruit,No,No,No,No,No,No,No,Yes,Yes,150,142.0,24,,,,,,,,,,
2023-11-06,Cookies,Dessert,No,No,No,No,No,Yes,No,Yes,No,171,336.0,0,,,,,,,,,,
2023-11-07,Fried Chicken,Main dish,Yes,No,No,Yes,No,No,No,No,No,254,205.0,10,,,,,,,,,,
2023-11-07,Mac and Cheese,Side,No,Yes,Yes,No,Yes,No,No,No,No,136,292.0,16,,,,,,,,,,
2023-11-07,Mixed Salad,Vegetable,No,No,Yes,No,No,No,No,No,Yes,107,223.0,33,,,,,,,,,,
2023-11-07,Grapes,Fruit,No,No,No,No,No,No,No,Yes,No,113,122.0,0,,,,,,,,,,
2023-11-07,Brownie,Dessert,No,No,No,No,No,Yes,No,No,Yes,117,281.0,51,,,,,,,,,,
2023-11-08,Cheeseburger,Main dish,Yes,Yes,No,No,Yes,No,No,No,No,228,278.0,40,,,,,,,,,,
2023-11-08,Rice Pilaf,Side,No,No,Yes,No,No,No,No,No,Yes,137,326.0,6,,,,,,,,,,
2023-11-08,Roasted Veggies,Vegetable,No,No,Yes,No,No,No,No,No,No,119,131.0,0,,,,,,,,,,
2023-11-08,Apple Slices,Fruit,No,No,No,No,No,No,No,No,No,111,185.0,2,,,,,,,,,,
2023-11-08,Chocolate Pudding,Dessert,No,Yes,No,No,No,Yes,No,No,No,138,325.0,23,,,,,,,,,,
2023-11-09,Chicken Nuggets,Main dish,Yes,No,No,Yes,No,No,No,Yes,Yes,287,268.0,32,,,,,,,,,,
2023-11-09,French Fries,Side,No,No,Yes,Yes,No,No,No,Yes,No,147,208.0,0,,,,,,,,,,
2023-11-09,Mixed Salad,Vegetable,No,No,Yes,No,No,No,No,No,Yes,92,228.0,35,,,,,,,,,,
2023-11-09,Banana,Fruit,No,No,No,No,No,Yes,No,No,No,139,242.0,18,,,,,,,,,,
2023-11-09,Apple Pie,Dessert,No,No,No,No,No,Yes,No,No,Yes,112,328.0,71,,,,,,,,,,
2023-11-10,Fried Chicken,Main dish,Yes,No,No,Yes,No,No,No,No,No,213,273.0,21,,,,,,,,,,
2023-11-10,Rice Pilaf,Side,No,No,Yes,No,No,No,No,No,No,128,280.0,0,,,,,,,,,,
2023-11-10,Mixed Salad,Vegetable,No,No,Yes,No,No,No,No,No,No,111,182.0,8,,,,,,,,,,
2023-11-10,Fruit Cup,Fruit,No,No,No,No,No,Yes,No,No,Yes,97,153.0,37,,,,,,,,,,
2023-11-10,Cookies,Dessert,No,No,No,No,No,Yes,No,Yes,Yes,156,283.0,20,,,,,,,,,,
2023-11-13,Cheeseburger,Main dish,Yes,Yes,No,No,Yes,No,No,No,Yes,238,214.0,44,,,,,,,,,,
2023-11-13,French Fries,Side,No,No,Yes,Yes,No,No,No,Yes,No,135,236.0,0,,,,,,,,,,
2023-11-13,Mixed Salad,Vegetable,No,No,Yes,No,No,No,No,No,No,101,203.0,26,,,,,,,,,,
2023-11-13,Fruit Cup,Fruit,No,No,No,No,No,Yes,No,No,Yes,132,129.0,14,,,,,,,,,,
2023-11-13,Apple Pie,Dessert,No,No,No,No,No,Yes,No,No,No,106,304.0,9,,,,,,,,,,
2023-11-14,Fried Chicken,Main dish,Yes,No,No,Yes,No,No,No,No,Yes,278,197.0,49,,,,,,,,,,
2023-11-14,French Fries,Side,No,No,Yes,Yes,No,No,No,Yes,Yes,133,332.0,51,,,,,,,,,,
2023-11-14,Green Beans,Vegetable,No,No,Yes,No,No,No,No,No,No,84,212.0,7,,,,,,,,,,
2023-11-14,Apple Slices,Fruit,No,No,No,No,No,No,No,No,No,103,197.0,4,,,,,,,,,,
2023-11-14,Ice Cream Cup,Dessert,No,Yes,No,No,No,Yes,No,No,No,102,230.0,1,,,,,,,,,,
2023-11-15,Grilled Cheese Sandwich,Main dish,No,Yes,No,No,Yes,No,No,No,No,277,155.0,0,,,,,,,,,,
2023-11-15,Garlic Bread,Side,No,No,Yes,No,No,No,No,No,Yes,111,220.0,45,,,,,,,,,,
2023-11-15,Roasted Veggies,Vegetable,No,No,Yes,No,No,No,No,No,No,92,135.0,0,,,,,,,,,,
2023-11-15,Apple Slices,Fruit,No,No,No,No,No,No,No,No,No,136,159.0,0,,,,,,,,,,
2023-11-15,Ice Cream Cup,Dessert,No,Yes,No,No,No,Yes,No,No,Yes,152,231.0,46,,,,,,,,,,
2023-11-16,Chicken Nuggets,Main dish,Yes,No,No,Yes,No,No,No,Yes,No,281,299.0,0,,,,,,,,,,
2023-11-16,Mashed Potatoes,Side,No,No,Yes,No,No,No,No,No,No,122,241.0,27,,,,,,,,,,
2023-11-16,Mixed Salad,Vegetable,No,No,Yes,No,No,No,No,No,Yes,104,237.0,50,,,,,,,,,,
2023-11-16,Grapes,Fruit,No,No,No,No,No,No,No,Yes,No,148,163.0,0,,,,,,,,,,
2023-11-16,Ice Cream Cup,Dessert,No,Yes,No,No,No,Yes,No,No,No,153,236.0,14,,,,,,,,,,
2023-11-17,Spaghetti Bolognese,Main dish,Yes,No,No,No,Yes,No,No,No,No,201,226.0,0,,,,,,,,,,
2023-11-17,Rice Pilaf,Side,No,No,Yes,No,No,No,No,No,No,109,206.0,6,,,,,,,,,,
2023-11-17,Carrot Sticks,Vegetable,No,No,Yes,No,No,No,No,Yes,Yes,83,126.0,18,,,,,,,,,,
2023-11-17,Fruit Cup,Fruit,No,No,No,No,No,Yes,No,No,Yes,132,248.0,34,,,,,,,,,,
2023-11-17,Cookies,Dessert,No,No,No,No,No,Yes,No,Yes,Yes,178,330.0,22,,,,,,,,,,
2023-11-20,Chicken Nuggets,Main dish,Yes,No,No,Yes,No,No,No,Yes,Yes,257,250.0,13,,,,,,,,,,
2023-11-20,Mashed Potatoes,Side,No,No,Yes,No,No,No,No,No,No,109,302.0,17,,,,,,,,,,
2023-11-20,Carrot Sticks,Vegetable,No,No,Yes,No,No,No,No,Yes,No,103,182.0,0,,,,,,,,,,
2023-11-20,Banana,Fruit,No,No,No,No,No,Yes,No,No,Yes,99,109.0,13,,,,,,,,,,
2023-11-20,Ice Cream Cup,Dessert,No,Yes,No,No,No,Yes,No,No,No,108,335.0,0,,,,,,,,,,
2023-11-21,Spaghetti Bolognese,Main dish,Yes,No,No,No,Yes,No,No,No,Yes,288,207.0,29,,,,,,,,,,
2023-11-21,Mashed Potatoes,Side,No,No,Yes,No,No,No,No,No,No,106,206.0,12,,,,,,,,,,
2023-11-21,Green Beans,Vegetable,No,No,Yes,No,No,No,No,No,Yes,96,116.0,17,,,,,,,,,,
2023-11-21,Grapes,Fruit,No,No,No,No,No,No,No,Yes,No,143,101.0,0,,,,,,,,,,
2023-11-21,Chocolate Pudding,Dessert,No,Yes,No,No,No,Yes,No,No,Yes,170,336.0,63,,,,,,,,,,
2023-11-22,Grilled Cheese Sandwich,Main dish,No,Yes,No,No,Yes,No,No,No,No,222,288.0,0,,,,,,,,,,
2023-11-22,Rice Pilaf,Side,No,No,Yes,No,No,No,No,No,Yes,123,341.0,81,,,,,,,,,,
2023-11-22,Roasted Veggies,Vegetable,No,No,Yes,No,No,No,No,No,Yes,82,227.0,28,,,,,,,,,,
2023-11-22,Banana,Fruit,No,No,No,No,No,Yes,No,No,No,96,150.0,12,,,,,,,,,,
2023-11-22,Ice Cream Cup,Dessert,No,Yes,No,No,No,Yes,No,No,No,161,325.0,23,,,,,,,,,,
2023-11-23,Chicken Nuggets,Main dish,Yes,No,No,Yes,No,No,No,Yes,No,271,220.0,21,,,,,,,,,,
2023-11-23,Garlic Bread,Side,No,No,Yes,No,No,No,No,No,Yes,127,286.0,53,,,,,,,,,,
2023-11-23,Roasted Veggies,Vegetable,No,No,Yes,No,No,No,No,No,No,99,135.0,8,,,,,,,,,,
2023-11-23,Fruit Cup,Fruit,No,No,No,No,No,Yes,No,No,No,93,106.0,12,,,,,,,,,,
2023-11-23,Apple Pie,Dessert,No,No,No,No,No,Yes,No,No,No,125,214.0,20,,,,,,,,,,
2023-11-24,Grilled Cheese Sandwich,Main dish,No,Yes,No,No,Yes,No,No,No,No,242,157.0,10,,,,,,,,,,
2023-11-24,Rice Pilaf,Side,No,No,Yes,No,No,No,No,No,No,111,261.0,6,,,,,,,,,,
2023-11-24,Green Beans,Vegetable,No,No,Yes,No,No,No,No,No,No,119,175.0,8,,,,,,,,,,
2023-11-24,Fruit Cup,Fruit,No,No,No,No,No,Yes,No,No,No,102,218.0,11,,,,,,,,,,
2023-11-24,Chocolate Pudding,Dessert,No,Yes,No,No,No,Yes,No,No,Yes,120,277.0,50,,,,,,,,,,
2023-11-27,Spaghetti Bolognese,Main dish,Yes,No,No,No,Yes,No,No,No,Yes,240,210.0,21,,,,,,,,,,
2023-11-27,Mashed Potatoes,Side,No,No,Yes,No,No,No,No,No,Yes,150,200.0,42,,,,,,,,,,
2023-11-27,Roasted Veggies,Vegetable,No,No,Yes,No,No,No,No,No,No,80,224.0,7,,,,,,,,,,
2023-11-27,Grapes,Fruit,No,No,No,No,No,No,No,Yes,Yes,118,237.0,24,,,,,,,,,,
2023-11-27,Chocolate Pudding,Dessert,No,Yes,No,No,No,Yes,No,No,Yes,134,312.0,42,,,,,,,,,,
2023-11-28,Grilled Cheese Sandwich,Main dish,No,Yes,No,No,Yes,No,No,No,No,210,243.0,21,,,,,,,,,,
2023-11-28,Rice Pilaf,Side,No,No,Yes,No,No,No,No,No,Yes,134,347.0,54,,,,,,,,,,
2023-11-28,Mixed Salad,Vegetable,No,No,Yes,No,No,No,No,No,No,113,249.0,12,,,,,,,,,,
2023-11-28,Apple Slices,Fruit,No,No,No,No,No,No,No,No,Yes,139,107.0,6,,,,,,,,,,
2023-11-28,Ice Cream Cup,Dessert,No,Yes,No,No,No,Yes,No,No,Yes,100,328.0,54,,,,,,,,,,
2023-11-29,Cheeseburger,Main dish,Yes,Yes,No,No,Yes,No,No,No,No,285,213.0,17,,,,,,,,,,
2023-11-29,Rice Pilaf,Side,No,No,Yes,No,No,No,No,No,No,143,217.0,1,,,,,,,,,,
2023-11-29,Steamed Broccoli,Vegetable,No,No,Yes,No,No,No,No,No,No,92,120.0,9,,,,,,,,,,
2023-11-29,Apple Slices,Fruit,No,No,No,No,No,No,No,No,Yes,147,134.0,18,,,,,,,,,,
2023-11-29,Cookies,Dessert,No,No,No,No,No,Yes,No,Yes,Yes,164,232.0,26,,,,,,,,,,
2023-11-30,Chicken Nuggets,Main dish,Yes,No,No,Yes,No,No,No,Yes,No,289,271.0,0,,,,,,,,,,
2023-11-30,Mashed Potatoes,Side,No,No,Yes,No,No,No,No,No,Yes,143,221.0,30,,,,,,,,,,
2023-11-30,Carrot Sticks,Vegetable,No,No,Yes,No,No,No,No,Yes,No,99,166.0,19,,,,,,,,,,
2023-11-30,Banana,Fruit,No,No,No,No,No,Yes,No,No,No,125,155.0,0,,,,,,,,,,
2023-11-30,Ice Cream Cup,Dessert,No,Yes,No,No,No,Yes,No,No,No,117,330.0,1,,,,,,,,,,
2023-12-01,Grilled Cheese Sandwich,Main dish,No,Yes,No,No,Yes,No,No,No,Yes,299,212.0,27,,,,,,,,,,
2023-12-01,Garlic Bread,Side,No,No,Yes,No,No,No,No,No,No,135,320.0,16,,,,,,,,,,
2023-12-01,Carrot Sticks,Vegetable,No,No,Yes,No,No,No,No,Yes,Yes,83,193.0,25,,,,,,,,,,
2023-12-01,Apple Slices,Fruit,No,No,No,No,No,No,No,No,No,144,240.0,28,,,,,,,,,,
2023-12-01,Cookies,Dessert,No,No,No,No,No,Yes,No,Yes,No,136,251.0,11,,,,,,,,,,
2023-12-04,Fried Chicken,Main dish,Yes,No,No,Yes,No,No,No,No,No,286,299.0,0,,,,,,,,,,
2023-12-04,French Fries,Side,No,No,Yes,Yes,No,No,No,Yes,Yes,116,264.0,50,,,,,,,,,,
2023-12-04,Carrot Sticks,Vegetable,No,No,Yes,No,No,No,No,Yes,Yes,111,112.0,22,,,,,,,,,,
2023-12-04,Orange Wedges,Fruit,No,No,No,No,No,No,No,Yes,No,118,178.0,0,,,,,,,,,,
2023-12-04,Cookies,Dessert,No,No,No,No,No,Yes,No,Yes,Yes,168,320.0,40,,,,,,,,,,
2023-12-05,Chicken Nuggets,Main dish,Yes,No,No,Yes,No,No,No,Yes,No,284,270.0,1,,,,,,,,,,
2023-12-05,Rice Pilaf,Side,No,No,Yes,No,No,No,No,No,Yes,127,256.0,43,,,,,,,,,,
2023-12-05,Green Beans,Vegetable,No,No,Yes,No,No,No,No,No,No,89,217.0,0,,,,,,,,,,
2023-12-05,Orange Wedges,Fruit,No,No,No,No,No,No,No,Yes,Yes,94,144.0,16,,,,,,,,,,
2023-12-05,Apple Pie,Dessert,No,No,No,No,No,Yes,No,No,Yes,101,261.0,27,,,,,,,,,,
2023-12-06,Grilled Cheese Sandwich,Main dish,No,Yes,No,No,Yes,No,No,No,Yes,294,245.0,56,,,,,,,,,,
2023-12-06,French Fries,Side,No,No,Yes,Yes,No,No,No,Yes,No,120,242.0,0,,,,,,,,,,
2023-12-06,Steamed Broccoli,Vegetable,No,No,Yes,No,No,No,Yes,No,Yes,114,152.0,40,,,,,,,,,,
2023-12-06,Banana,Fruit,No,No,No,No,No,Yes,No,No,Yes,144,237.0,36,,,,,,,,,,
2023-12-06,Apple Pie,Dessert,No,No,No,No,No,Yes,No,No,No,165,201.0,9,,,,,,,,,,
2023-12-07,Grilled Cheese Sandwich,Main dish,No,Yes,No,No,Yes,No,No,No,No,256,280.0,0,,,,,,,,,,
2023-12-07,French Fries,Side,No,No,Yes,Yes,No,No,No,Yes,Yes,114,303.0,0,,,,,,,,,,
2023-12-07,Carrot Sticks,Vegetable,No,No,Yes,No,No,No,No,Yes,Yes,112,242.0,31,,,,,,,,,,
2023-12-07,Grapes,Fruit,No,No,No,No,No,No,No,Yes,No,143,227.0,0,,,,,,,,,,
2023-12-07,Brownie,Dessert,No,No,No,No,No,Yes,No,No,No,164,248.0,29,,,,,,,,,,
2023-12-08,Cheeseburger,Main dish,Yes,Yes,No,No,Yes,No,No,No,Yes,228,246.0,29,,,,,,,,,,
2023-12-08,Rice Pilaf,Side,No,No,Yes,No,No,No,No,No,Yes,137,310.0,61,,,,,,,,,,
2023-12-08,Green Beans,Vegetable,No,No,Yes,No,No,No,No,No,Yes,114,237.0,44,,,,,,,,,,
2023-12-08,Grapes,Fruit,No,No,No,No,No,No,No,Yes,No,143,160.0,0,,,,,,,,,,
2023-12-08,Apple Pie,Dessert,No,No,No,No,No,Yes,No,No,Yes,122,209.0,34,,,,,,,,,,
2023-12-11,Fried Chicken,Main dish,Yes,No,No,Yes,No,No,No,No,No,231,238.0,10,,,,,,,,,,
2023-12-11,Mashed Potatoes,Side,No,No,Yes,No,No,No,No,No,No,143,295.0,7,,,,,,,,,,
2023-12-11,Green Beans,Vegetable,No,No,Yes,No,No,No,No,No,Yes,108,234.0,19,,,,,,,,,,
2023-12-11,Orange Wedges,Fruit,No,No,No,No,No,No,No,Yes,No,149,165.0,0,,,,,,,,,,
2023-12-11,Ice Cream Cup,Dessert,No,Yes,No,No,No,Yes,No,No,No,117,298.0,12,,,,,,,,,,
2023-12-12,Spaghetti Bolognese,Main dish,Yes,No,No,No,Yes,No,No,No,No,202,159.0,0,,,,,,,,,,
2023-12-12,Garlic Bread,Side,No,No,Yes,No,No,No,No,No,No,142,345.0,46,,,,,,,,,,
2023-12-12,Roasted Veggies,Vegetable,No,No,Yes,No,No,No,No,No,Yes,95,202.0,34,,,,,,,,,,
2023-12-12,Orange Wedges,Fruit,No,No,No,No,No,No,No,Yes,No,147,151.0,4,,,,,,,,,,
2023-12-12,Ice Cream Cup,Dessert,No,Yes,No,No,No,Yes,No,No,Yes,128,316.0,28,,,,,,,,,,
2023-12-13,Chicken Nuggets,Main dish,Yes,No,No,Yes,No,No,No,Yes,No,212,172.0,0,,,,,,,,,,
2023-12-13,Mashed Potatoes,Side,No,No,Yes,No,No,No,No,No,No,118,234.0,5,,,,,,,,,,
2023-12-13,Steamed Broccoli,Vegetable,No,No,Yes,No,No,No,No,No,Yes,114,177.0,25,,,,,,,,,,
2023-12-13,Orange Wedges,Fruit,No,No,No,No,No,No,No,Yes,No,145,101.0,0,,,,,,,,,,
2023-12-13,Apple Pie,Dessert,No,No,No,No,No,Yes,No,No,Yes,140,340.0,42,,,,,,,,,,
2023-12-14,Spaghetti Bolognese,Main dish,Yes,No,No,No,Yes,No,No,No,No,262,239.0,11,,,,,,,,,,
2023-12-14,Garlic Bread,Side,No,No,Yes,No,No,No,No,No,No,125,247.0,13,,,,,,,,,,
2023-12-14,Steamed Broccoli,Vegetable,No,No,Yes,No,No,No,No,No,No,110,163.0,0,,,,,,,,,,
2023-12-14,Apple Slices,Fruit,No,No,No,No,No,No,No,No,No,82,220.0,14,,,,,,,,,,
2023-12-14,Brownie,Dessert,No,No,No,No,No,Yes,No,No,No,157,332.0,24,,,,,,,,,,
2023-12-15,Cheeseburger,Main dish,Yes,Yes,No,No,Yes,No,No,No,No,259,177.0,12,,,,,,,,,,
2023-12-15,Rice Pilaf,Side,No,No,Yes,No,No,No,No,No,No,132,258.0,0,,,,,,,,,,
2023-12-15,Carrot Sticks,Vegetable,No,No,Yes,No,No,No,No,Yes,Yes,94,209.0,5,,,,,,,,,,
2023-12-15,Orange Wedges,Fruit,No,No,No,No,No,No,No,Yes,No,103,211.0,0,,,,,,,,,,
2023-12-15,Cookies,Dessert,No,No,No,No,No,Yes,No,Yes,No,166,253.0,0,,,,,,,,,,
2023-12-18,Grilled Cheese Sandwich,Main dish,No,Yes,No,No,Yes,No,No,No,Yes,296,243.0,45,,,,,,,,,,
2023-12-18,Garlic Bread,Side,No,No,Yes,No,No,No,No,No,No,112,252.0,13,,,,,,,,,,
2023-12-18,Roasted Veggies,Vegetable,No,No,Yes,No,No,No,No,No,No,113,117.0,6,,,,,,,,,,
2023-12-18,Apple Slices,Fruit,No,No,No,No,No,No,No,No,Yes,107,150.0,19,,,,,,,,,,
2023-12-18,Ice Cream Cup,Dessert,No,Yes,No,No,No,Yes,No,No,Yes,116,248.0,47,,,,,,,,,,
2023-12-19,Cheeseburger,Main dish,Yes,Yes,No,No,Yes,No,No,No,No,272,195.0,20,,,,,,,,,,
2023-12-19,French Fries,Side,No,No,Yes,Yes,No,No,No,Yes,Yes,123,251.0,32,,,,,,,,,,
2023-12-19,Green Beans,Vegetable,No,No,Yes,No,No,No,No,No,Yes,111,223.0,59,,,,,,,,,,
2023-12-19,Grapes,Fruit,No,No,No,No,No,No,No,Yes,No,91,167.0,0,,,,,,,,,,
2023-12-19,Brownie,Dessert,No,No,No,No,No,Yes,No,No,No,173,269.0,2,,,,,,,,,,
2023-12-20,Fried Chicken,Main dish,Yes,No,No,Yes,No,No,No,No,No,263,244.0,12,,,,,,,,,,
2023-12-20,Mac and Cheese,Side,No,Yes,Yes,No,Yes,No,No,No,Yes,134,336.0,28,,,,,,,,,,
2023-12-20,Carrot Sticks,Vegetable,No,No,Yes,No,No,No,No,Yes,No,80,126.0,4,,,,,,,,,,
2023-12-20,Fruit Cup,Fruit,No,No,No,No,No,Yes,No,No,No,137,115.0,4,,,,,,,,,,
2023-12-20,Apple Pie,Dessert,No,No,No,No,No,Yes,No,No,No,101,236.0,12,,,,,,,,,,
2023-12-21,Chicken Nuggets,Main dish,Yes,No,No,Yes,No,No,No,Yes,No,244,210.0,22,,,,,,,,,,
2023-12-21,Mashed Potatoes,Side,No,No,Yes,No,No,No,No,No,Yes,124,231.0,36,,,,,,,,,,
2023-12-21,Roasted Veggies,Vegetable,No,No,Yes,No,No,No,No,No,Yes,102,200.0,38,,,,,,,,,,
2023-12-21,Fruit Cup,Fruit,No,No,No,No,No,Yes,No,No,No,119,113.0,4,,,,,,,,,,
2023-12-21,Chocolate Pudding,Dessert,No,Yes,No,No,No,Yes,No,No,No,167,218.0,19,,,,,,,,,,
2023-12-22,Grilled Cheese Sandwich,Main dish,No,Yes,No,No,Yes,No,No,No,No,238,161.0,10,,,,,,,,,,
2023-12-22,French Fries,Side,No,No,Yes,Yes,No,No,No,Yes,Yes,107,339.0,35,,,,,,,,,,
2023-12-22,Carrot Sticks,Vegetable,No,No,Yes,No,No,No,No,Yes,No,120,174.0,6,,,,,,,,,,
2023-12-22,Fruit Cup,Fruit,No,No,No,No,No,Yes,No,No,No,116,120.0,6,,,,,,,,,,
2023-12-22,Ice Cream Cup,Dessert,No,Yes,No,No,No,Yes,No,No,Yes,121,328.0,54,,,,,,,,,,
2023-12-25,Spaghetti Bolognese,Main dish,Yes,No,No,No,Yes,No,No,No,Yes,277,214.0,45,,,,,,,,,,
2023-12-25,Mashed Potatoes,Side,No,No,Yes,No,No,No,No,No,No,148,242.0,0,,,,,,,,,,
2023-12-25,Roasted Veggies,Vegetable,No,No,Yes,No,No,No,No,No,Yes,106,150.0,36,,,,,,,,,,
2023-12-25,Fruit Cup,Fruit,No,No,No,No,No,Yes,No,No,No,98,110.0,6,,,,,,,,,,
2023-12-25,Apple Pie,Dessert,No,No,No,No,No,Yes,Yes,No,Yes,106,296.0,82,,,,,,,,,,
2023-12-26,Cheeseburger,Main dish,Yes,Yes,No,No,Yes,No,No,No,Yes,274,224.0,25,,,,,,,,,,
2023-12-26,Rice Pilaf,Side,No,No,Yes,No,No,No,No,No,Yes,107,276.0,39,,,,,,,,,,
2023-12-26,Mixed Salad,Vegetable,No,No,Yes,No,No,No,No,No,No,104,239.0,0,,,,,,,,,,
2023-12-26,Orange Wedges,Fruit,No,No,No,No,No,No,No,Yes,No,146,135.0,0,,,,,,,,,,
2023-12-26,Chocolate Pudding,Dessert,No,Yes,No,No,No,Yes,No,No,No,173,336.0,0,,,,,,,,,,
2023-12-27,Fried Chicken,Main dish,Yes,No,No,Yes,No,No,No,No,Yes,291,273.0,32,,,,,,,,,,
2023-12-27,Garlic Bread,Side,No,No,Yes,No,No,No,No,No,No,143,238.0,37,,,,,,,,,,
2023-12-27,Carrot Sticks,Vegetable,No,No,Yes,No,No,No,No,Yes,Yes,88,226.0,18,,,,,,,,,,
2023-12-27,Orange Wedges,Fruit,No,No,No,No,No,No,No,Yes,No,91,233.0,0,,,,,,,,,,
2023-12-27,Chocolate Pudding,Dessert,No,Yes,No,No,No,Yes,No,No,No,153,216.0,19,,,,,,,,,,
2023-12-28,Spaghetti Bolognese,Main dish,Yes,No,No,No,Yes,No,No,No,Yes,203,201.0,18,,,,,,,,,,
2023-12-28,Mashed Potatoes,Side,No,No,Yes,No,No,No,No,No,No,125,344.0,12,,,,,,,,,,
2023-12-28,Green Beans,Vegetable,No,No,Yes,No,No,No,No,No,No,99,120.0,3,,,,,,,,,,
2023-12-28,Banana,Fruit,No,No,No,No,No,Yes,No,No,Yes,102,156.0,18,,,,,,,,,,
2023-12-28,Chocolate Pudding,Dessert,No,Yes,No,No,No,Yes,No,No,Yes,148,327.0,74,,,,,,,,,,
2023-12-29,Grilled Cheese Sandwich,Main dish,No,Yes,No,No,Yes,No,No,No,Yes,228,296.0,45,,,,,,,,,,
2023-12-29,Garlic Bread,Side,No,No,Yes,No,No,No,No,No,Yes,121,264.0,49,,,,,,,,,,
2023-12-29,Mixed Salad,Vegetable,No,No,Yes,No,No,No,No,No,No,105,208.0,22,,,,,,,,,,
2023-12-29,Banana,Fruit,No,No,No,No,No,Yes,No,No,No,116,217.0,12,,,,,,,,,,
2023-12-29,Brownie,Dessert,No,No,No,No,No,Yes,No,No,No,114,298.0,25,,,,,,,,,,
2024-01-01,Fried Chicken,Main dish,Yes,No,No,Yes,No,No,No,No,Yes,270,288.0,50,,,,,,,,,,
2024-01-01,Garlic Bread,Side,No,No,Yes,No,No,No,No,No,No,103,273.0,0,,,,,,,,,,
2024-01-01,Steamed Broccoli,Vegetable,No,No,Yes,No,No,No,No,No,No,102,156.0,9,,,,,,,,,,
2024-01-01,Grapes,Fruit,No,No,No,No,No,No,No,Yes,No,120,170.0,0,,,,,,,,,,
2024-01-01,Chocolate Pudding,Dessert,No,Yes,No,No,No,Yes,No,No,No,180,273.0,23,,,,,,,,,,
2024-01-02,Grilled Cheese Sandwich,Main dish,No,Yes,No,No,Yes,No,No,No,No,300,259.0,28,,,,,,,,,,
2024-01-02,Mashed Potatoes,Side,No,No,Yes,No,No,No,No,No,No,102,236.0,29,,,,,,,,,,
2024-01-02,Steamed Broccoli,Vegetable,No,No,Yes,No,No,No,No,No,Yes,84,221.0,33,,,,,,,,,,
2024-01-02,Grapes,Fruit,No,No,No,No,No,No,No,Yes,Yes,109,176.0,12,,,,,,,,,,
2024-01-02,Apple Pie,Dessert,No,No,No,No,No,Yes,No,No,No,105,227.0,4,,,,,,,,,,
2024-01-03,Spaghetti Bolognese,Main dish,Yes,No,No,No,Yes,No,No,No,No,222,283.0,37,,,,,,,,,,
2024-01-03,Mac and Cheese,Side,No,Yes,Yes,No,Yes,No,No,No,No,105,259.0,12,,,,,,,,,,
2024-01-03,Roasted Veggies,Vegetable,No,No,Yes,No,No,No,No,No,No,89,148.0,9,,,,,,,,,,
2024-01-03,Grapes,Fruit,No,No,No,No,No,No,No,Yes,Yes,107,136.0,20,,,,,,,,,,
2024-01-03,Cookies,Dessert,No,No,No,No,No,Yes,No,Yes,No,140,243.0,9,,,,,,,,,,
2024-01-04,Spaghetti Bolognese,Main dish,Yes,No,No,No,Yes,No,No,No,Yes,233,166.0,26,,,,,,,,,,
2024-01-04,Garlic Bread,Side,No,No,Yes,No,No,No,No,No,No,120,325.0,0,,,,,,,,,,
2024-01-04,Roasted Veggies,Vegetable,No,No,Yes,No,No,No,No,No,No,81,240.0,34,,,,,,,,,,
2024-01-04,Orange Wedges,Fruit,No,No,No,No,No,No,Yes,Yes,No,145,171.0,25,,,,,,,,,,
2024-01-04,Cookies,Dessert,No,No,No,No,No,Yes,No,Yes,Yes,175,290.0,46,,,,,,,,,,
2024-01-05,Cheeseburger,Main dish,Yes,Yes,No,No,Yes,No,No,No,Yes,245,228.0,30,,,,,,,,,,
2024-01-05,Garlic Bread,Side,No,No,Yes,No,No,No,No,No,No,110,309.0,19,,,,,,,,,,
2024-01-05,Carrot Sticks,Vegetable,No,No,Yes,No,No,No,No,Yes,Yes,88,146.0,12,,,,,,,,,,
2024-01-05,Grapes,Fruit,No,No,No,No,No,No,No,Yes,Yes,146,211.0,27,,,,,,,,,,
2024-01-05,Cookies,Dessert,No,No,No,No,No,Yes,No,Yes,Yes,107,248.0,32,,,,,,,,,,
2024-01-08,Chicken Nuggets,Main dish,Yes,No,No,Yes,No,No,No,Yes,Yes,246,292.0,49,,,,,,,,,,
2024-01-08,Mac and Cheese,Side,No,Yes,Yes,No,Yes,No,No,No,No,115,290.0,18,,,,,,,,,,
2024-01-08,Carrot Sticks,Vegetable,No,No,Yes,No,No,No,No,Yes,No,87,250.0,1,,,,,,,,,,
2024-01-08,Fruit Cup,Fruit,No,No,No,No,No,Yes,No,No,No,105,101.0,15,,,,,,,,,,
2024-01-08,Apple Pie,Dessert,No,No,No,No,No,Yes,No,No,Yes,153,325.0,23,,,,,,,,,,
2024-01-09,Fried Chicken,Main dish,Yes,No,No,Yes,No,No,No,No,No,293,251.0,17,,,,,,,,,,
2024-01-09,French Fries,Side,No,No,Yes,Yes,No,No,No,Yes,No,125,318.0,0,,,,,,,,,,
2024-01-09,Carrot Sticks,Vegetable,No,No,Yes,No,No,No,No,Yes,Yes,82,177.0,14,,,,,,,,,,
2024-01-09,Banana,Fruit,No,No,No,No,No,Yes,No,No,Yes,117,186.0,24,,,,,,,,,,
2024-01-09,Chocolate Pudding,Dessert,No,Yes,No,No,No,Yes,No,No,Yes,163,255.0,26,,,,,,,,,,
2024-01-10,Chicken Nuggets,Main dish,Yes,No,No,Yes,No,No,No,Yes,No,207,251.0,0,,,,,,,,,,
2024-01-10,Garlic Bread,Side,No,No,Yes,No,No,No,No,No,Yes,110,273.0,40,,,,,,,,,,
2024-01-10,Green Beans,Vegetable,No,No,Yes,No,No,No,No,No,Yes,95,164.0,28,,,,,,,,,,
2024-01-10,Banana,Fruit,No,No,No,No,No,Yes,Yes,No,No,87,191.0,32,,,,,,,,,,
2024-01-10,Apple Pie,Dessert,No,No,No,No,No,Yes,No,No,Yes,100,287.0,35,,,,,,,,,,
2024-01-11,Fried Chicken,Main dish,Yes,No,No,Yes,No,No,No,No,Yes,292,259.0,39,,,,,,,,,,
2024-01-11,French Fries,Side,No,No,Yes,Yes,No,No,No,Yes,No,133,329.0,0,,,,,,,,,,
2024-01-11,Green Beans,Vegetable,No,No,Yes,No,No,No,No,No,Yes,82,238.0,53,,,,,,,,,,
2024-01-11,Banana,Fruit,No,No,No,No,No,Yes,No,No,No,127,145.0,0,,,,,,,,,,
2024-01-11,Apple Pie,Dessert,No,No,No,No,No,Yes,No,No,No,171,206.0,0,,,,,,,,,,
2024-01-12,Fried Chicken,Main dish,Yes,No,No,Yes,No,No,No,No,No,236,297.0,8,,,,,,,,,,
2024-01-12,Mac and Cheese,Side,No,Yes,Yes,No,Yes,No,No,No,Yes,123,299.0,23,,,,,,,,,,
2024-01-12,Mixed Salad,Vegetable,No,No,Yes,No,No,No,No,No,No,93,200.0,9,,,,,,,,,,
2024-01-12,Banana,Fruit,No,No,No,No,No,Yes,No,No,Yes,145,247.0,26,,,,,,,,,,
2024-01-12,Brownie,Dessert,No,No,No,No,No,Yes,No,No,No,162,313.0,8,,,,,,,,,,
2024-01-15,Fried Chicken,Main dish,Yes,No,No,Yes,No,No,No,No,Yes,289,222.0,39,,,,,,,,,,
2024-01-15,Garlic Bread,Side,No,No,Yes,No,No,No,No,No,Yes,142,228.0,29,,,,,,,,,,
2024-01-15,Roasted Veggies,Vegetable,No,No,Yes,No,No,No,No,No,Yes,89,162.0,23,,,,,,,,,,
2024-01-15,Apple Slices,Fruit,No,No,No,No,No,No,No,No,No,144,201.0,22,,,,,,,,,,
2024-01-15,Ice Cream Cup,Dessert,No,Yes,No,No,No,Yes,No,No,No,146,256.0,0,,,,,,,,,,
2024-01-16,Grilled Cheese Sandwich,Main dish,No,Yes,No,No,Yes,No,No,No,No,273,157.0,10,,,,,,,,,,
2024-01-16,Garlic Bread,Side,No,No,Yes,No,No,No,No,No,Yes,108,212.0,21,,,,,,,,,,
2024-01-16,Steamed Broccoli,Vegetable,No,No,Yes,No,No,No,No,No,Yes,94,161.0,23,,,,,,,,,,
2024-01-16,Banana,Fruit,No,No,No,No,No,Yes,No,No,No,124,144.0,14,,,,,,,,,,
2024-01-16,Cookies,Dessert,No,No,No,No,No,Yes,No,Yes,No,111,242.0,0,,,,,,,,,,
2024-01-17,Cheeseburger,Main dish,Yes,Yes,No,No,Yes,No,No,No,No,206,172.0,0,,,,,,,,,,
2024-01-17,Mashed Potatoes,Side,No,No,Yes,No,No,No,Yes,No,No,146,216.0,31,,,,,,,,,,
2024-01-17,Carrot Sticks,Vegetable,No,No,Yes,No,No,No,No,Yes,No,100,230.0,0,,,,,,,,,,
2024-01-17,Grapes,Fruit,No,No,No,No,No,No,No,Yes,No,94,212.0,0,,,,,,,,,,
2024-01-17,Cookies,Dessert,No,No,No,No,No,Yes,No,Yes,No,156,336.0,5,,,,,,,,,,
2024-01-18,Chicken Nuggets,Main dish,Yes,No,No,Yes,No,No,No,Yes,Yes,258,211.0,24,,,,,,,,,,
2024-01-18,Rice Pilaf,Side,No,No,Yes,No,No,No,No,No,No,131,231.0,16,,,,,,,,,,
2024-01-18,Mixed Salad,Vegetable,No,No,Yes,No,No,No,No,No,Yes,102,215.0,21,,,,,,,,,,
2024-01-18,Fruit Cup,Fruit,No,No,No,No,No,Yes,No,No,Yes,80,233.0,34,,,,,,,,,,
2024-01-18,Chocolate Pudding,Dessert,No,Yes,No,No,No,Yes,No,No,Yes,142,331.0,51,,,,,,,,,,
2024-01-19,Spaghetti Bolognese,Main dish,Yes,No,No,No,Yes,No,No,No,No,277,229.0,1,,,,,,,,,,
2024-01-19,Rice Pilaf,Side,No,No,Yes,No,No,No,No,No,Yes,133,314.0,41,,,,,,,,,,
2024-01-19,Mixed Salad,Vegetable,No,No,Yes,No,No,No,No,No,No,110,104.0,5,,,,,,,,,,
2024-01-19,Grapes,Fruit,No,No,No,No,No,No,No,Yes,No,127,154.0,0,,,,,,,,,,
2024-01-19,Cookies,Dessert,No,No,No,No,No,Yes,No,Yes,No,117,260.0,0,,,,,,,,,,
2024-01-22,Grilled Cheese Sandwich,Main dish,No,Yes,No,No,Yes,No,No,No,No,278,183.0,5,,,,,,,,,,
2024-01-22,French Fries,Side,No,No,Yes,Yes,No,No,No,Yes,Yes,117,290.0,35,,,,,,,,,,
2024-01-22,Steamed Broccoli,Vegetable,No,No,Yes,No,No,No,No,No,No,100,172.0,0,,,,,,,,,,
2024-01-22,Apple Slices,Fruit,No,No,No,No,No,No,No,No,Yes,111,198.0,27,,,,,,,,,,
2024-01-22,Ice Cream Cup,Dessert,No,Yes,No,No,No,Yes,No,No,No,107,285.0,5,,,,,,,,,,
2024-01-23,Chicken Nuggets,Main dish,Yes,No,No,Yes,No,No,No,Yes,No,235,150.0,0,,,,,,,,,,
2024-01-23,Mac and Cheese,Side,No,Yes,Yes,No,Yes,No,No,No,No,131,224.0,16,,,,,,,,,,
2024-01-23,Green Beans,Vegetable,No,No,Yes,No,No,No,No,No,No,104,111.0,1,,,,,,,,,,
2024-01-23,Fruit Cup,Fruit,No,No,No,No,No,Yes,No,No,Yes,130,139.0,18,,,,,,,,,,
2024-01-23,Chocolate Pudding,Dessert,No,Yes,No,No,No,Yes,No,No,No,102,258.0,13,,,,,,,,,,
2024-01-24,Fried Chicken,Main dish,Yes,No,No,Yes,No,No,No,No,Yes,230,278.0,64,,,,,,,,,,
2024-01-24,Rice Pilaf,Side,No,No,Yes,No,No,No,No,No,Yes,128,348.0,73,,,,,,,,,,
2024-01-24,Mixed Salad,Vegetable,No,No,Yes,No,No,No,No,No,No,111,194.0,0,,,,,,,,,,
2024-01-24,Grapes,Fruit,No,No,No,No,No,No,No,Yes,No,95,183.0,0,,,,,,,,,,
2024-01-24,Cookies,Dessert,No,No,No,No,No,Yes,No,Yes,No,173,275.0,0,,,,,,,,,,
2024-01-25,Spaghetti Bolognese,Main dish,Yes,No,No,No,Yes,No,No,No,No,281,248.0,19,,,,,,,,,,
2024-01-25,Garlic Bread,Side,No,No,Yes,No,No,No,No,No,Yes,111,313.0,18,,,,,,,,,,
2024-01-25,Green Beans,Vegetable,No,No,Yes,No,No,No,No,No,No,101,152.0,14,,,,,,,,,,
2024-01-25,Apple Slices,Fruit,No,No,No,No,No,No,No,No,No,97,189.0,2,,,,,,,,,,
2024-01-25,Apple Pie,Dessert,No,No,No,No,No,Yes,No,No,No,153,202.0,1,,,,,,,,,,
2024-01-26,Spaghetti Bolognese,Main dish,Yes,No,No,No,Yes,No,No,No,Yes,210,294.0,45,,,,,,,,,,
2024-01-26,Mac and Cheese,Side,No,Yes,Yes,No,Yes,No,No,No,No,100,208.0,23,,,,,,,,,,
2024-01-26,Steamed Broccoli,Vegetable,No,No,Yes,No,No,No,No,No,No,112,213.0,3,,,,,,,,,,
2024-01-26,Fruit Cup,Fruit,No,No,No,No,No,Yes,No,No,No,82,192.0,0,,,,,,,,,,
2024-01-26,Cookies,Dessert,No,No,No,No,No,Yes,No,Yes,No,137,344.0,15,,,,,,,,,,
2024-01-29,Fried Chicken,Main dish,Yes,No,No,Yes,No,No,No,No,No,280,204.0,0,,,,,,,,,,
2024-01-29,Rice Pilaf,Side,No,No,Yes,No,No,No,No,No,Yes,123,247.0,39,,,,,,,,,,
2024-01-29,Mixed Salad,Vegetable,No,No,Yes,No,No,No,No,No,No,97,238.0,0,,,,,,,,,,
2024-01-29,Apple Slices,Fruit,No,No,No,No,No,No,No,No,Yes,98,132.0,24,,,,,,,,,,
2024-01-29,Brownie,Dessert,No,No,No,No,No,Yes,No,No,Yes,160,335.0,41,,,,,,,,,,
2024-01-30,Fried Chicken,Main dish,Yes,No,No,Yes,No,No,No,No,Yes,263,188.0,26,,,,,,,,,,
2024-01-30,Mashed Potatoes,Side,No,No,Yes,No,No,No,No,No,No,122,324.0,18,,,,,,,,,,
2024-01-30,Carrot Sticks,Vegetable,No,No,Yes,No,No,No,No,Yes,No,83,122.0,0,,,,,,,,,,
2024-01-30,Orange Wedges,Fruit,No,No,No,No,No,No,No,Yes,Yes,150,192.0,21,,,,,,,,,,
2024-01-30,Apple Pie,Dessert,No,No,No,No,No,Yes,No,No,No,153,247.0,22,,,,,,,,,,
2024-01-31,Fried Chicken,Main dish,Yes,No,No,Yes,No,No,No,No,Yes,230,296.0,51,,,,,,,,,,
2024-01-31,Garlic Bread,Side,No,No,Yes,No,No,No,No,No,Yes,103,332.0,36,,,,,,,,,,
2024-01-31,Steamed Broccoli,Vegetable,No,No,Yes,No,No,No,No,No,No,115,156.0,5,,,,,,,,,,
2024-01-31,Orange Wedges,Fruit,No,No,No,No,No,No,No,Yes,No,106,178.0,0,,,,,,,,,,
2024-01-31,Cookies,Dessert,No,No,No,No,No,Yes,No,Yes,No,127,204.0,0,,,,,,,,,,
2024-02-01,Cheeseburger,Main dish,Yes,Yes,No,No,Yes,No,No,No,No,208,190.0,0,,,,,,,,,,
2024-02-01,Rice Pilaf,Side,No,No,Yes,No,No,No,No,No,Yes,143,319.0,60,,,,,,,,,,
2024-02-01,Green Beans,Vegetable,No,No,Yes,No,No,No,No,No,No,100,216.0,32,,,,,,,,,,
2024-02-01,Orange Wedges,Fruit,No,No,No,No,No,No,Yes,Yes,No,128,196.0,21,,,,,,,,,,
2024-02-01,Ice Cream Cup,Dessert,No,Yes,No,No,No,Yes,No,No,No,129,294.0,1,,,,,,,,,,
2024-02-02,Chicken Nuggets,Main dish,Yes,No,No,Yes,No,No,No,Yes,No,250,291.0,0,,,,,,,,,,
2024-02-02,Garlic Bread,Side,No,No,Yes,No,No,No,No,No,Yes,105,247.0,29,,,,,,,,,,
2024-02-02,Roasted Veggies,Vegetable,No,No,Yes,No,No,No,No,No,Yes,101,201.0,32,,,,,,,,,,
2024-02-02,Fruit Cup,Fruit,No,No,No,No,No,Yes,No,No,Yes,112,181.0,23,,,,,,,,,,
2024-02-02,Chocolate Pudding,Dessert,No,Yes,No,No,No,Yes,No,No,No,133,220.0,10,,,,,,,,,,
2024-02-05,Spaghetti Bolognese,Main dish,Yes,No,No,No,Yes,No,No,No,Yes,259,262.0,18,,,,,,,,,,
2024-02-05,Rice Pilaf,Side,No,No,Yes,No,No,No,No,No,No,104,279.0,4,,,,,,,,,,
2024-02-05,Mixed Salad,Vegetable,No,No,Yes,No,No,No,No,No,No,89,176.0,3,,,,,,,,,,
2024-02-05,Banana,Fruit,No,No,No,No,No,Yes,No,No,Yes,118,210.0,38,,,,,,,,,,
2024-02-05,Cookies,Dessert,No,No,No,No,No,Yes,No,Yes,No,147,316.0,0,,,,,,,,,,
2024-02-06,Cheeseburger,Main dish,Yes,Yes,No,No,Yes,No,No,No,No,267,287.0,26,,,,,,,,,,
2024-02-06,French Fries,Side,No,No,Yes,Yes,No,No,No,Yes,No,110,231.0,5,,,,,,,,,,
2024-02-06,Roasted Veggies,Vegetable,No,No,Yes,No,No,No,No,No,Yes,81,135.0,23,,,,,,,,,,
2024-02-06,Grapes,Fruit,No,No,No,No,No,No,No,Yes,Yes,106,198.0,33,,,,,,,,,,
2024-02-06,Cookies,Dessert,No,No,No,No,No,Yes,No,Yes,No,177,285.0,0,,,,,,,,,,
2024-02-07,Grilled Cheese Sandwich,Main dish,No,Yes,No,No,Yes,No,No,No,Yes,261,276.0,72,,,,,,,,,,
2024-02-07,Rice Pilaf,Side,No,No,Yes,No,No,No,Yes,No,No,146,292.0,45,,,,,,,,,,
2024-02-07,Green Beans,Vegetable,No,No,Yes,No,No,No,No,No,Yes,117,112.0,18,,,,,,,,,,
2024-02-07,Banana,Fruit,No,No,No,No,No,Yes,No,No,No,100,197.0,15,,,,,,,,,,
2024-02-07,Brownie,Dessert,No,No,No,No,No,Yes,No,No,Yes,166,223.0,38,,,,,,,,,,
2024-02-08,Grilled Cheese Sandwich,Main dish,No,Yes,No,No,Yes,No,No,No,Yes,297,248.0,43,,,,,,,,,,
2024-02-08,Garlic Bread,Side,No,No,Yes,No,No,No,No,No,Yes,109,217.0,24,,,,,,,,,,
2024-02-08,Roasted Veggies,Vegetable,No,No,Yes,No,No,No,No,No,No,119,129.0,1,,,,,,,,,,
2024-02-08,Banana,Fruit,No,No,No,No,No,Yes,No,No,No,118,108.0,14,,,,,,,,,,
2024-02-08,Apple Pie,Dessert,No,No,No,No,No,Yes,No,No,Yes,101,337.0,44,,,,,,,,,,
2024-02-09,Cheeseburger,Main dish,Yes,Yes,No,No,Yes,No,No,No,No,234,191.0,12,,,,,,,,,,
2024-02-09,Mac and Cheese,Side,No,Yes,Yes,No,Yes,No,No,No,No,125,269.0,12,,,,,,,,,,
2024-02-09,Steamed Broccoli,Vegetable,No,No,Yes,No,No,No,No,No,No,102,167.0,10,,,,,,,,,,
2024-02-09,Fruit Cup,Fruit,No,No,No,No,No,Yes,No,No,Yes,131,137.0,18,,,,,,,,,,
2024-02-09,Cookies,Dessert,No,No,No,No,No,Yes,No,Yes,No,100,213.0,4,,,,,,,,,,
2024-02-12,Chicken Nuggets,Main dish,Yes,No,No,Yes,No,No,No,Yes,Yes,216,271.0,37,,,,,,,,,,
2024-02-12,French Fries,Side,No,No,Yes,Yes,No,No,No,Yes,No,105,263.0,0,,,,,,,,,,
2024-02-12,Mixed Salad,Vegetable,No,No,Yes,No,No,No,No,No,No,81,110.0,5,,,,,,,,,,
2024-02-12,Banana,Fruit,No,No,No,No,No,Yes,No,No,No,134,103.0,17,,,,,,,,,,
2024-02-12,Chocolate Pudding,Dessert,No,Yes,No,No,No,Yes,No,No,No,108,334.0,45,,,,,,,,,,
2024-02-13,Cheeseburger,Main dish,Yes,Yes,No,No,Yes,No,No,No,No,276,264.0,0,,,,,,,,,,
2024-02-13,French Fries,Side,No,No,Yes,Yes,No,No,No,Yes,No,114,307.0,0,,,,,,,,,,
2024-02-13,Carrot Sticks,Vegetable,No,No,Yes,No,No,No,Yes,Yes,No,81,108.0,9,,,,,,,,,,
2024-02-13,Apple Slices,Fruit,No,No,No,No,No,No,No,No,No,112,182.0,18,,,,,,,,,,
2024-02-13,Apple Pie,Dessert,No,No,No,No,No,Yes,No,No,No,112,342.0,14,,,,,,,,,,
2024-02-14,Chicken Nuggets,Main dish,Yes,No,No,Yes,No,No,No,Yes,No,273,285.0,6,,,,,,,,,,
2024-02-14,French Fries,Side,No,No,Yes,Yes,No,No,No,Yes,Yes,112,226.0,24,,,,,,,,,,
2024-02-14,Roasted Veggies,Vegetable,No,No,Yes,No,No,No,No,No,Yes,116,154.0,22,,,,,,,,,,
2024-02-14,Apple Slices,Fruit,No,No,No,No,No,No,No,No,No,146,146.0,3,,,,,,,,,,
2024-02-14,Cookies,Dessert,No,No,No,No,No,Yes,No,Yes,Yes,101,286.0,34,,,,,,,,,,
2024-02-15,Fried Chicken,Main dish,Yes,No,No,Yes,No,No,No,No,No,288,152.0,15,,,,,,,,,,
2024-02-15,Rice Pilaf,Side,No,No,Yes,No,No,No,No,No,No,107,327.0,0,,,,,,,,,,
2024-02-15,Steamed Broccoli,Vegetable,No,No,Yes,No,No,No,No,No,No,111,170.0,11,,,,,,,,,,
2024-02-15,Banana,Fruit,No,No,No,No,No,Yes,No,No,Yes,119,123.0,21,,,,,,,,,,
2024-02-15,Apple Pie,Dessert,No,No,No,No,No,Yes,No,No,No,111,275.0,43,,,,,,,,,,
2024-02-16,Spaghetti Bolognese,Main dish,Yes,No,No,No,Yes,No,No,No,Yes,218,183.0,32,,,,,,,,,,
2024-02-16,Rice Pilaf,Side,No,No,Yes,No,No,No,No,No,Yes,143,299.0,51,,,,,,,,,,
2024-02-16,Roasted Veggies,Vegetable,No,No,Yes,No,No,No,No,No,No,115,211.0,32,,,,,,,,,,
2024-02-16,Apple Slices,Fruit,No,No,No,No,No,No,No,No,Yes,91,248.0,49,,,,,,,,,,
2024-02-16,Ice Cream Cup,Dessert,No,Yes,No,No,No,Yes,Yes,No,Yes,113,296.0,91,,,,,,,,,,
2024-02-19,Chicken Nuggets,Main dish,Yes,No,No,Yes,No,No,No,Yes,No,217,195.0,0,,,,,,,,,,
2024-02-19,French Fries,Side,No,No,Yes,Yes,No,No,No,Yes,No,108,267.0,0,,,,,,,,,,
2024-02-19,Mixed Salad,Vegetable,No,No,Yes,No,No,No,No,No,No,83,113.0,1,,,,,,,,,,
2024-02-19,Orange Wedges,Fruit,No,No,No,No,No,No,No,Yes,Yes,146,193.0,33,,,,,,,,,,
2024-02-19,Chocolate Pudding,Dessert,No,Yes,No,No,No,Yes,No,No,Yes,167,218.0,33,,,,,,,,,,
2024-02-20,Spaghetti Bolognese,Main dish,Yes,No,No,No,Yes,No,No,No,Yes,203,165.0,22,,,,,,,,,,
2024-02-20,Mac and Cheese,Side,No,Yes,Yes,No,Yes,No,No,No,Yes,126,201.0,29,,,,,,,,,,
2024-02-20,Roasted Veggies,Vegetable,No,No,Yes,No,No,No,No,No,No,105,228.0,7,,,,,,,,,,
2024-02-20,Orange Wedges,Fruit,No,No,No,No,No,No,No,Yes,No,98,228.0,4,,,,,,,,,,
2024-02-20,Brownie,Dessert,No,No,No,No,No,Yes,No,No,No,160,313.0,28,,,,,,,,,,
2024-02-21,Cheeseburger,Main dish,Yes,Yes,No,No,Yes,No,No,No,Yes,248,213.0,30,,,,,,,,,,
2024-02-21,Mashed Potatoes,Side,No,No,Yes,No,No,No,No,No,No,113,203.0,16,,,,,,,,,,
2024-02-21,Mixed Salad,Vegetable,No,No,Yes,No,No,No,Yes,No,No,85,219.0,46,,,,,,,,,,
2024-02-21,Fruit Cup,Fruit,No,No,No,No,No,Yes,No,No,No,136,134.0,2,,,,,,,,,,
2024-02-21,Brownie,Dessert,No,No,No,No,No,Yes,No,No,No,152,200.0,1,,,,,,,,,,
2024-02-22,Chicken Nuggets,Main dish,Yes,No,No,Yes,No,No,No,Yes,No,236,241.0,0,,,,,,,,,,
2024-02-22,Mashed Potatoes,Side,No,No,Yes,No,No,No,No,No,Yes,121,288.0,61,,,,,,,,,,
2024-02-22,Carrot Sticks,Vegetable,No,No,Yes,No,No,No,No,Yes,No,118,170.0,12,,,,,,,,,,
2024-02-22,Banana,Fruit,No,No,No,No,No,Yes,No,No,No,93,233.0,2,,,,,,,,,,
2024-02-22,Ice Cream Cup,Dessert,No,Yes,No,No,No,Yes,No,No,No,169,227.0,7,,,,,,,,,,
2024-02-23,Chicken Nuggets,Main dish,Yes,No,No,Yes,No,No,No,Yes,Yes,284,226.0,18,,,,,,,,,,
2024-02-23,Mashed Potatoes,Side,No,No,Yes,No,No,No,No,No,No,104,249.0,16,,,,,,,,,,
2024-02-23,Green Beans,Vegetable,No,No,Yes,No,No,No,No,No,No,107,180.0,0,,,,,,,,,,
2024-02-23,Fruit Cup,Fruit,No,No,No,No,No,Yes,No,No,Yes,140,105.0,17,,,,,,,,,,
2024-02-23,Apple Pie,Dessert,No,No,No,No,No,Yes,No,No,No,143,327.0,15,,,,,,,,,,
2024-02-26,Spaghetti Bolognese,Main dish,Yes,No,No,No,Yes,No,No,No,Yes,286,164.0,19,,,,,,,,,,
2024-02-26,French Fries,Side,No,No,Yes,Yes,No,No,No,Yes,No,134,274.0,0,,,,,,,,,,
2024-02-26,Mixed Salad,Vegetable,No,No,Yes,No,No,No,No,No,Yes,119,243.0,32,,,,,,,,,,
2024-02-26,Grapes,Fruit,No,No,No,No,No,No,No,Yes,Yes,106,189.0,22,,,,,,,,,,
2024-02-26,Brownie,Dessert,No,No,No,No,No,Yes,No,No,No,103,322.0,0,,,,,,,,,,
2024-02-27,Cheeseburger,Main dish,Yes,Yes,No,No,Yes,No,No,No,No,217,214.0,20,,,,,,,,,,
2024-02-27,Mac and Cheese,Side,No,Yes,Yes,No,Yes,No,No,No,No,123,298.0,10,,,,,,,,,,
2024-02-27,Green Beans,Vegetable,No,No,Yes,No,No,No,No,No,Yes,104,160.0,32,,,,,,,,,,
2024-02-27,Fruit Cup,Fruit,No,No,No,No,No,Yes,No,No,No,92,226.0,21,,,,,,,,,,
2024-02-27,Apple Pie,Dessert,No,No,No,No,No,Yes,No,No,No,152,322.0,12,,,,,,,,,,
2024-02-28,Fried Chicken,Main dish,Yes,No,No,Yes,No,No,No,No,No,269,280.0,38,,,,,,,,,,
2024-02-28,Mac and Cheese,Side,No,Yes,Yes,No,Yes,No,No,No,Yes,142,246.0,38,,,,,,,,,,
2024-02-28,Steamed Broccoli,Vegetable,No,No,Yes,No,No,No,No,No,Yes,100,201.0,39,,,,,,,,,,
2024-02-28,Orange Wedges,Fruit,No,No,No,No,No,No,No,Yes,Yes,135,211.0,18,,,,,,,,,,
2024-02-28,Brownie,Dessert,No,No,No,No,No,Yes,No,No,Yes,168,288.0,39,,,,,,,,,,
2024-02-29,Chicken Nuggets,Main dish,Yes,No,No,Yes,No,No,No,Yes,Yes,272,165.0,18,,,,,,,,,,
2024-02-29,Garlic Bread,Side,No,No,Yes,No,No,No,No,No,No,142,341.0,46,,,,,,,,,,
2024-02-29,Steamed Broccoli,Vegetable,No,No,Yes,No,No,No,No,No,No,120,103.0,7,,,,,,,,,,
2024-02-29,Orange Wedges,Fruit,No,No,No,No,No,No,No,Yes,No,105,188.0,0,,,,,,,,,,
2024-02-29,Ice Cream Cup,Dessert,No,Yes,No,No,No,Yes,No,No,No,156,267.0,20,,,,,,,,,,
2024-03-01,Fried Chicken,Main dish,Yes,No,No,Yes,No,No,No,No,No,251,172.0,3,,,,,,,,,,
2024-03-01,Rice Pilaf,Side,No,No,Yes,No,No,No,No,No,Yes,121,280.0,40,,,,,,,,,,
2024-03-01,Carrot Sticks,Vegetable,No,No,Yes,No,No,No,No,Yes,No,82,119.0,4,,,,,,,,,,
2024-03-01,Banana,Fruit,No,No,No,No,No,Yes,No,No,Yes,115,222.0,31,,,,,,,,,,
2024-03-01,Brownie,Dessert,No,No,No,No,No,Yes,No,No,Yes,139,251.0,27,,,,,,,,,,
2024-03-04,Chicken Nuggets,Main dish,Yes,No,No,Yes,No,No,No,Yes,No,257,216.0,0,,,,,,,,,,
2024-03-04,Mac and Cheese,Side,No,Yes,Yes,No,Yes,No,No,No,Yes,123,267.0,29,,,,,,,,,,
2024-03-04,Roasted Veggies,Vegetable,No,No,Yes,No,No,No,No,No,Yes,110,140.0,29,,,,,,,,,,
2024-03-04,Fruit Cup,Fruit,No,No,No,No,No,Yes,No,No,Yes,141,183.0,29,,,,,,,,,,
2024-03-04,Chocolate Pudding,Dessert,No,Yes,No,No,No,Yes,No,No,No,116,228.0,0,,,,,,,,,,
2024-03-05,Fried Chicken,Main dish,Yes,No,No,Yes,No,No,No,No,Yes,241,214.0,13,,,,,,,,,,
2024-03-05,Mac and Cheese,Side,No,Yes,Yes,No,Yes,No,No,No,Yes,142,340.0,51,,,,,,,,,,
2024-03-05,Steamed Broccoli,Vegetable,No,No,Yes,No,No,No,No,No,Yes,98,238.0,18,,,,,,,,,,
2024-03-05,Fruit Cup,Fruit,No,No,No,No,No,Yes,No,No,No,87,210.0,5,,,,,,,,,,
2024-03-05,Brownie,Dessert,No,No,No,No,No,Yes,Yes,No,No,106,286.0,51,,,,,,,,,,
2024-03-06,Spaghetti Bolognese,Main dish,Yes,No,No,No,Yes,No,No,No,No,249,152.0,2,,,,,,,,,,
2024-03-06,Mac and Cheese,Side,No,Yes,Yes,No,Yes,No,No,No,No,108,315.0,2,,,,,,,,,,
2024-03-06,Mixed Salad,Vegetable,No,No,Yes,No,No,No,No,No,No,97,241.0,12,,,,,,,,,,
2024-03-06,Banana,Fruit,No,No,No,No,No,Yes,No,No,Yes,120,234.0,19,,,,,,,,,,
2024-03-06,Cookies,Dessert,No,No,No,No,No,Yes,No,Yes,No,173,207.0,6,,,,,,,,,,
2024-03-07,Fried Chicken,Main dish,Yes,No,No,Yes,No,No,No,No,No,216,201.0,5,,,,,,,,,,
2024-03-07,Garlic Bread,Side,No,No,Yes,No,No,No,No,No,No,136,225.0,0,,,,,,,,,,
2024-03-07,Carrot Sticks,Vegetable,No,No,Yes,No,No,No,No,Yes,No,93,200.0,0,,,,,,,,,,
2024-03-07,Apple Slices,Fruit,No,No,No,No,No,No,No,No,No,121,208.0,25,,,,,,,,,,
2024-03-07,Cookies,Dessert,No,No,No,No,No,Yes,No,Yes,Yes,109,200.0,16,,,,,,,,,,
2024-03-08,Fried Chicken,Main dish,Yes,No,No,Yes,No,No,No,No,Yes,233,263.0,60,,,,,,,,,,
2024-03-08,Mashed Potatoes,Side,No,No,Yes,No,No,No,No,No,Yes,149,257.0,34,,,,,,,,,,
2024-03-08,Mixed Salad,Vegetable,No,No,Yes,No,No,No,No,No,No,81,231.0,15,,,,,,,,,,
2024-03-08,Banana,Fruit,No,No,No,No,No,Yes,No,No,Yes,87,217.0,36,,,,,,,,,,
2024-03-08,Brownie,Dessert,No,No,No,No,No,Yes,No,No,No,101,273.0,38,,,,,,,,,,
2024-03-11,Fried Chicken,Main dish,Yes,No,No,Yes,No,No,No,No,No,241,210.0,25,,,,,,,,,,
2024-03-11,Mac and Cheese,Side,No,Yes,Yes,No,Yes,No,Yes,No,Yes,116,345.0,89,,,,,,,,,,
2024-03-11,Carrot Sticks,Vegetable,No,No,Yes,No,No,No,No,Yes,No,113,177.0,4,,,,,,,,,,
2024-03-11,Orange Wedges,Fruit,No,No,No,No,No,No,No,Yes,No,104,185.0,0,,,,,,,,,,
2024-03-11,Cookies,Dessert,No,No,No,No,No,Yes,No,Yes,Yes,102,271.0,40,,,,,,,,,,
2024-03-12,Fried Chicken,Main dish,Yes,No,No,Yes,No,No,No,No,Yes,223,296.0,56,,,,,,,,,,
2024-03-12,Mashed Potatoes,Side,No,No,Yes,No,No,No,No,No,No,149,268.0,2,,,,,,,,,,
2024-03-12,Mixed Salad,Vegetable,No,No,Yes,No,No,No,No,No,Yes,117,193.0,29,,,,,,,,,,
2024-03-12,Grapes,Fruit,No,No,No,No,No,No,Yes,Yes,No,84,118.0,14,,,,,,,,,,
2024-03-12,Brownie,Dessert,No,No,No,No,No,Yes,No,No,No,177,319.0,0,,,,,,,,,,
2024-03-13,Grilled Cheese Sandwich,Main dish,No,Yes,No,No,Yes,No,No,No,Yes,267,251.0,42,,,,,,,,,,
2024-03-13,French Fries,Side,No,No,Yes,Yes,No,No,No,Yes,No,102,230.0,10,,,,,,,,,,
2024-03-13,Carrot Sticks,Vegetable,No,No,Yes,No,No,No,No,Yes,No,111,164.0,0,,,,,,,,,,
2024-03-13,Orange Wedges,Fruit,No,No,No,No,No,No,No,Yes,Yes,105,231.0,22,,,,,,,,,,
2024-03-13,Cookies,Dessert,No,No,No,No,No,Yes,No,Yes,No,177,217.0,0,,,,,,,,,,
2024-03-14,Spaghetti Bolognese,Main dish,Yes,No,No,No,Yes,No,No,No,No,235,155.0,11,,,,,,,,,,
2024-03-14,Rice Pilaf,Side,No,No,Yes,No,No,No,No,No,No,128,314.0,20,,,,,,,,,,
2024-03-14,Green Beans,Vegetable,No,No,Yes,No,No,No,No,No,Yes,101,234.0,27,,,,,,,,,,
2024-03-14,Grapes,Fruit,No,No,No,No,No,No,No,Yes,Yes,92,250.0,21,,,,,,,,,,
2024-03-14,Brownie,Dessert,No,No,No,No,No,Yes,No,No,No,118,276.0,21,,,,,,,,,,
2024-03-15,Spaghetti Bolognese,Main dish,Yes,No,No,No,Yes,No,No,No,Yes,227,152.0,25,,,,,,,,,,
2024-03-15,Rice Pilaf,Side,No,No,Yes,No,No,No,No,No,Yes,137,316.0,53,,,,,,,,,,
2024-03-15,Roasted Veggies,Vegetable,No,No,Yes,No,No,No,No,No,No,112,110.0,1,,,,,,,,,,
2024-03-15,Apple Slices,Fruit,No,No,No,No,No,No,No,No,Yes,102,136.0,27,,,,,,,,,,
2024-03-15,Chocolate Pudding,Dessert,No,Yes,No,No,No,Yes,No,No,Yes,154,210.0,22,,,,,,,,,,
2024-03-18,Spaghetti Bolognese,Main dish,Yes,No,No,No,Yes,No,No,No,No,260,267.0,8,,,,,,,,,,
2024-03-18,Mac and Cheese,Side,No,Yes,Yes,No,Yes,No,No,No,No,132,223.0,11,,,,,,,,,,
2024-03-18,Mixed Salad,Vegetable,No,No,Yes,No,No,No,No,No,No,103,183.0,0,,,,,,,,,,
2024-03-18,Grapes,Fruit,No,No,No,No,No,No,No,Yes,No,127,160.0,6,,,,,,,,,,
2024-03-18,Cookies,Dessert,No,No,No,No,No,Yes,No,Yes,No,159,339.0,20,,,,,,,,,,
2024-03-19,Chicken Nuggets,Main dish,Yes,No,No,Yes,No,No,No,Yes,No,237,177.0,2,,,,,,,,,,
2024-03-19,Garlic Bread,Side,No,No,Yes,No,No,No,No,No,Yes,103,291.0,30,,,,,,,,,,
2024-03-19,Steamed Broccoli,Vegetable,No,No,Yes,No,No,No,No,No,Yes,111,226.0,25,,,,,,,,,,
2024-03-19,Apple Slices,Fruit,No,No,No,No,No,No,No,No,No,81,131.0,3,,,,,,,,,,
2024-03-19,Apple Pie,Dessert,No,No,No,No,No,Yes,No,No,Yes,119,275.0,39,,,,,,,,,,
2024-03-20,Chicken Nuggets,Main dish,Yes,No,No,Yes,No,No,No,Yes,No,216,229.0,5,,,,,,,,,,
2024-03-20,Rice Pilaf,Side,No,No,Yes,No,No,No,No,No,Yes,140,321.0,46,,,,,,,,,,
2024-03-20,Carrot Sticks,Vegetable,No,No,Yes,No,No,No,Yes,Yes,Yes,116,190.0,38,,,,,,,,,,
2024-03-20,Grapes,Fruit,No,No,No,No,No,No,No,Yes,No,90,138.0,0,,,,,,,,,,
2024-03-20,Chocolate Pudding,Dessert,No,Yes,No,No,No,Yes,No,No,No,138,341.0,9,,,,,,,,,,
2024-03-21,Spaghetti Bolognese,Main dish,Yes,No,No,No,Yes,No,No,No,No,216,203.0,16,,,,,,,,,,
2024-03-21,French Fries,Side,No,No,Yes,Yes,No,No,No,Yes,No,141,258.0,0,,,,,,,,,,
2024-03-21,Steamed Broccoli,Vegetable,No,No,Yes,No,No,No,No,No,Yes,114,195.0,31,,,,,,,,,,
2024-03-21,Grapes,Fruit,No,No,No,No,No,No,No,Yes,No,121,163.0,0,,,,,,,,,,
2024-03-21,Chocolate Pudding,Dessert,No,Yes,No,No,No,Yes,No,No,No,171,283.0,28,,,,,,,,,,
2024-03-22,Fried Chicken,Main dish,Yes,No,No,Yes,No,No,No,No,No,212,295.0,0,,,,,,,,,,
2024-03-22,Mac and Cheese,Side,No,Yes,Yes,No,Yes,No,No,No,No,106,327.0,8,,,,,,,,,,
2024-03-22,Steamed Broccoli,Vegetable,No,No,Yes,No,No,No,No,No,Yes,99,218.0,52,,,,,,,,,,
2024-03-22,Orange Wedges,Fruit,No,No,No,No,No,No,No,Yes,Yes,107,135.0,6,,,,,,,,,,
2024-03-22,Brownie,Dessert,No,No,No,No,No,Yes,No,No,No,156,286.0,24,,,,,,,,,,
2024-03-25,Grilled Cheese Sandwich,Main dish,No,Yes,No,No,Yes,No,No,No,No,257,192.0,0,,,,,,,,,,
2024-03-25,Mashed Potatoes,Side,No,No,Yes,No,No,No,No,No,No,100,262.0,22,,,,,,,,,,
2024-03-25,Steamed Broccoli,Vegetable,No,No,Yes,No,No,No,No,No,Yes,93,238.0,36,,,,,,,,,,
2024-03-25,Fruit Cup,Fruit,No,No,No,No,No,Yes,No,No,Yes,106,114.0,11,,,,,,,,,,
2024-03-25,Ice Cream Cup,Dessert,No,Yes,No,No,No,Yes,No,No,Yes,170,332.0,47,,,,,,,,,,
2024-03-26,Cheeseburger,Main dish,Yes,Yes,No,No,Yes,No,No,No,No,213,279.0,0,,,,,,,,,,
2024-03-26,Rice Pilaf,Side,No,No,Yes,No,No,No,No,No,No,133,205.0,10,,,,,,,,,,
2024-03-26,Mixed Salad,Vegetable,No,No,Yes,No,No,No,No,No,Yes,117,158.0,27,,,,,,,,,,
2024-03-26,Grapes,Fruit,No,No,No,No,No,No,No,Yes,No,123,151.0,0,,,,,,,,,,
2024-03-26,Chocolate Pudding,Dessert,No,Yes,No,No,No,Yes,No,No,No,120,245.0,0,,,,,,,,,,
2024-03-27,Chicken Nuggets,Main dish,Yes,No,No,Yes,No,No,No,Yes,Yes,285,297.0,3,,,,,,,,,,
2024-03-27,Garlic Bread,Side,No,No,Yes,No,No,No,No,No,No,136,288.0,4,,,,,,,,,,
2024-03-27,Roasted Veggies,Vegetable,No,No,Yes,No,No,No,No,No,No,96,106.0,0,,,,,,,,,,
2024-03-27,Banana,Fruit,No,No,No,No,No,Yes,No,No,No,94,108.0,9,,,,,,,,,,
2024-03-27,Apple Pie,Dessert,No,No,No,No,No,Yes,No,No,No,177,210.0,14,,,,,,,,,,
2024-03-28,Grilled Cheese Sandwich,Main dish,No,Yes,No,No,Yes,No,No,No,No,264,247.0,7,,,,,,,,,,
2024-03-28,Rice Pilaf,Side,No,No,Yes,No,No,No,No,No,No,150,229.0,23,,,,,,,,,,
2024-03-28,Mixed Salad,Vegetable,No,No,Yes,No,No,No,No,No,No,81,139.0,13,,,,,,,,,,
2024-03-28,Grapes,Fruit,No,No,No,No,No,No,No,Yes,Yes,101,109.0,12,,,,,,,,,,
2024-03-28,Ice Cream Cup,Dessert,No,Yes,No,No,No,Yes,No,No,No,154,311.0,34,,,,,,,,,,
2024-03-29,Chicken Nuggets,Main dish,Yes,No,No,Yes,No,No,No,Yes,Yes,200,284.0,24,,,,,,,,,,
2024-03-29,Garlic Bread,Side,No,No,Yes,No,No,No,No,No,Yes,118,278.0,55,,,,,,,,,,
2024-03-29,Carrot Sticks,Vegetable,No,No,Yes,No,No,No,No,Yes,Yes,114,148.0,11,,,,,,,,,,
2024-03-29,Fruit Cup,Fruit,No,No,No,No,No,Yes,No,No,No,99,188.0,8,,,,,,,,,,
2024-03-29,Brownie,Dessert,No,No,No,No,No,Yes,No,No,Yes,104,297.0,59,,,,,,,,,,
2024-04-01,Fried Chicken,Main dish,Yes,No,No,Yes,No,No,No,No,Yes,207,203.0,32,,,,,,,,,,
2024-04-01,Mashed Potatoes,Side,No,No,Yes,No,No,No,No,No,Yes,102,330.0,62,,,,,,,,,,
2024-04-01,Carrot Sticks,Vegetable,No,No,Yes,No,No,No,No,Yes,Yes,115,195.0,15,,,,,,,,,,
2024-04-01,Fruit Cup,Fruit,No,No,No,No,No,Yes,No,No,No,84,249.0,4,,,,,,,,,,
2024-04-01,Brownie,Dessert,No,No,No,No,No,Yes,Yes,No,Yes,156,344.0,90,,,,,,,,,,
2024-04-02,Grilled Cheese Sandwich,Main dish,No,Yes,No,No,Yes,No,No,No,Yes,283,174.0,40,,,,,,,,,,
2024-04-02,Mashed Potatoes,Side,No,No,Yes,No,No,No,No,No,No,124,214.0,12,,,,,,,,,,
2024-04-02,Green Beans,Vegetable,No,No,Yes,No,No,No,No,No,Yes,103,103.0,11,,,,,,,,,,
2024-04-02,Banana,Fruit,No,No,No,No,No,Yes,No,No,Yes,84,223.0,36,,,,,,,,,,
2024-04-02,Cookies,Dessert,No,No,No,No,No,Yes,No,Yes,Yes,118,256.0,18,,,,,,,,,,
2024-04-03,Cheeseburger,Main dish,Yes,Yes,No,No,Yes,No,No,No,Yes,244,265.0,40,,,,,,,,,,
2024-04-03,Garlic Bread,Side,No,No,Yes,No,No,No,No,No,Yes,140,260.0,32,,,,,,,,,,
2024-04-03,Carrot Sticks,Vegetable,No,No,Yes,No,No,No,No,Yes,No,104,161.0,0,,,,,,,,,,
2024-04-03,Orange Wedges,Fruit,No,No,No,No,No,No,No,Yes,Yes,136,218.0,15,,,,,,,,,,
2024-04-03,Apple Pie,Dessert,No,No,No,No,No,Yes,No,No,No,161,318.0,29,,,,,,,,,,
2024-04-04,Chicken Nuggets,Main dish,Yes,No,No,Yes,No,No,No,Yes,Yes,227,172.0,19,,,,,,,,,,
2024-04-04,Garlic Bread,Side,No,No,Yes,No,No,No,No,No,No,118,260.0,16,,,,,,,,,,
2024-04-04,Carrot Sticks,Vegetable,No,No,Yes,No,No,No,No,Yes,Yes,81,186.0,28,,,,,,,,,,
2024-04-04,Grapes,Fruit,No,No,No,No,No,No,No,Yes,Yes,115,185.0,21,,,,,,,,,,
2024-04-04,Apple Pie,Dessert,No,No,No,No,No,Yes,No,No,No,167,280.0,24,,,,,,,,,,
2024-04-05,Cheeseburger,Main dish,Yes,Yes,No,No,Yes,No,No,No,No,279,164.0,3,,,,,,,,,,
2024-04-05,Mac and Cheese,Side,No,Yes,Yes,No,Yes,No,Yes,No,Yes,115,248.0,64,,,,,,,,,,
2024-04-05,Green Beans,Vegetable,No,No,Yes,No,No,No,No,No,Yes,116,210.0,36,,,,,,,,,,
2024-04-05,Orange Wedges,Fruit,No,No,No,No,No,No,No,Yes,Yes,140,203.0,17,,,,,,,,,,
2024-04-05,Chocolate Pudding,Dessert,No,Yes,No,No,No,Yes,No,No,Yes,107,294.0,26,,,,,,,,,,
2024-04-08,Grilled Cheese Sandwich,Main dish,No,Yes,No,No,Yes,No,No,No,No,259,199.0,17,,,,,,,,,,
2024-04-08,Rice Pilaf,Side,No,No,Yes,No,No,No,No,No,Yes,108,338.0,73,,,,,,,,,,
2024-04-08,Roasted Veggies,Vegetable,No,No,Yes,No,No,No,No,No,Yes,92,152.0,23,,,,,,,,,,
2024-04-08,Orange Wedges,Fruit,No,No,No,No,No,No,No,Yes,Yes,82,213.0,22,,,,,,,,,,
2024-04-08,Brownie,Dessert,No,No,No,No,No,Yes,No,No,No,119,314.0,16,,,,,,,,,,
2024-04-09,Spaghetti Bolognese,Main dish,Yes,No,No,No,Yes,No,No,No,Yes,228,224.0,46,,,,,,,,,,
2024-04-09,French Fries,Side,No,No,Yes,Yes,No,No,No,Yes,Yes,139,224.0,26,,,,,,,,,,
2024-04-09,Steamed Broccoli,Vegetable,No,No,Yes,No,No,No,No,No,Yes,117,210.0,23,,,,,,,,,,
2024-04-09,Banana,Fruit,No,No,No,No,No,Yes,No,No,No,95,169.0,0,,,,,,,,,,
2024-04-09,Ice Cream Cup,Dessert,No,Yes,No,No,No,Yes,No,No,No,122,307.0,14,,,,,,,,,,
2024-04-10,Chicken Nuggets,Main dish,Yes,No,No,Yes,No,No,No,Yes,No,205,178.0,6,,,,,,,,,,
2024-04-10,Garlic Bread,Side,No,No,Yes,No,No,No,No,No,Yes,115,318.0,44,,,,,,,,,,
2024-04-10,Green Beans,Vegetable,No,No,Yes,No,No,No,No,No,No,89,150.0,11,,,,,,,,,,
2024-04-10,Fruit Cup,Fruit,No,No,No,No,No,Yes,No,No,Yes,106,212.0,37,,,,,,,,,,
2024-04-10,Ice Cream Cup,Dessert,No,Yes,No,No,No,Yes,No,No,No,160,296.0,0,,,,,,,,,,
2024-04-11,Spaghetti Bolognese,Main dish,Yes,No,No,No,Yes,No,No,No,No,271,152.0,0,,,,,,,,,,
2024-04-11,French Fries,Side,No,No,Yes,Yes,No,No,No,Yes,No,146,300.0,0,,,,,,,,,,
2024-04-11,Green Beans,Vegetable,No,No,Yes,No,No,No,No,No,No,84,129.0,1,,,,,,,,,,
2024-04-11,Orange Wedges,Fruit,No,No,No,No,No,No,No,Yes,Yes,104,236.0,17,,,,,,,,,,
2024-04-11,Chocolate Pudding,Dessert,No,Yes,No,No,No,Yes,No,No,Yes,169,227.0,44,,,,,,,,,,
2024-04-12,Fried Chicken,Main dish,Yes,No,No,Yes,No,No,No,No,No,241,297.0,26,,,,,,,,,,
2024-04-12,Garlic Bread,Side,No,No,Yes,No,No,No,No,No,No,110,278.0,18,,,,,,,,,,
2024-04-12,Roasted Veggies,Vegetable,No,No,Yes,No,No,No,No,No,Yes,115,232.0,38,,,,,,,,,,
2024-04-12,Grapes,Fruit,No,No,No,No,No,No,No,Yes,No,106,177.0,0,,,,,,,,,,
2024-04-12,Cookies,Dessert,No,No,No,No,No,Yes,No,Yes,Yes,163,297.0,29,,,,,,,,,,
2024-04-15,Fried Chicken,Main dish,Yes,No,No,Yes,No,No,No,No,Yes,237,158.0,24,,,,,,,,,,
2024-04-15,French Fries,Side,No,No,Yes,Yes,No,No,No,Yes,No,149,207.0,0,,,,,,,,,,
2024-04-15,Carrot Sticks,Vegetable,No,No,Yes,No,No,No,No,Yes,No,113,126.0,4,,,,,,,,,,
2024-04-15,Banana,Fruit,No,No,No,No,No,Yes,No,No,No,115,104.0,0,,,,,,,,,,
2024-04-15,Brownie,Dessert,No,No,No,No,No,Yes,No,No,Yes,176,236.0,44,,,,,,,,,,
2024-04-16,Cheeseburger,Main dish,Yes,Yes,No,No,Yes,No,No,No,Yes,283,158.0,34,,,,,,,,,,
2024-04-16,French Fries,Side,No,No,Yes,Yes,No,No,No,Yes,Yes,141,305.0,20,,,,,,,,,,
2024-04-16,Mixed Salad,Vegetable,No,No,Yes,No,No,No,No,No,No,86,224.0,23,,,,,,,,,,
2024-04-16,Orange Wedges,Fruit,No,No,No,No,No,No,No,Yes,Yes,117,203.0,23,,,,,,,,,,
2024-04-16,Brownie,Dessert,No,No,No,No,No,Yes,No,No,Yes,108,248.0,22,,,,,,,,,,
2024-04-17,Chicken Nuggets,Main dish,Yes,No,No,Yes,No,No,No,Yes,No,239,170.0,2,,,,,,,,,,
2024-04-17,French Fries,Side,No,No,Yes,Yes,No,No,No,Yes,No,102,204.0,0,,,,,,,,,,
2024-04-17,Green Beans,Vegetable,No,No,Yes,No,No,No,No,No,No,120,201.0,3,,,,,,,,,,
2024-04-17,Apple Slices,Fruit,No,No,No,No,No,No,Yes,No,Yes,101,193.0,61,,,,,,,,,,
2024-04-17,Ice Cream Cup,Dessert,No,Yes,No,No,No,Yes,No,No,No,129,264.0,16,,,,,,,,,,
2024-04-18,Fried Chicken,Main dish,Yes,No,No,Yes,No,No,No,No,Yes,212,211.0,29,,,,,,,,,,
2024-04-18,Mashed Potatoes,Side,No,No,Yes,No,No,No,No,No,No,110,241.0,0,,,,,,,,,,
2024-04-18,Mixed Salad,Vegetable,No,No,Yes,No,No,No,No,No,Yes,117,203.0,38,,,,,,,,,,
2024-04-18,Orange Wedges,Fruit,No,No,No,No,No,No,No,Yes,No,99,220.0,0,,,,,,,,,,
2024-04-18,Cookies,Dessert,No,No,No,No,No,Yes,No,Yes,Yes,165,328.0,38,,,,,,,,,,
2024-04-19,Chicken Nuggets,Main dish,Yes,No,No,Yes,No,No,No,Yes,No,236,261.0,1,,,,,,,,,,
2024-04-19,French Fries,Side,No,No,Yes,Yes,No,No,No,Yes,Yes,147,243.0,17,,,,,,,,,,
2024-04-19,Steamed Broccoli,Vegetable,No,No,Yes,No,No,No,No,No,Yes,84,163.0,33,,,,,,,,,,
2024-04-19,Orange Wedges,Fruit,No,No,No,No,No,No,No,Yes,No,148,233.0,0,,,,,,,,,,
2024-04-19,Apple Pie,Dessert,No,No,No,No,No,Yes,No,No,No,156,331.0,0,,,,,,,,,,
2024-04-22,Cheeseburger,Main dish,Yes,Yes,No,No,Yes,No,No,No,Yes,209,220.0,52,,,,,,,,,,
2024-04-22,Garlic Bread,Side,No,No,Yes,No,No,No,No,No,Yes,126,210.0,30,,,,,,,,,,
2024-04-22,Green Beans,Vegetable,No,No,Yes,No,No,No,No,No,No,80,114.0,8,,,,,,,,,,
2024-04-22,Banana,Fruit,No,No,No,No,No,Yes,No,No,Yes,92,178.0,26,,,,,,,,,,
2024-04-22,Chocolate Pudding,Dessert,No,Yes,No,No,No,Yes,Yes,No,No,127,272.0,52,,,,,,,,,,
2024-04-23,Grilled Cheese Sandwich,Main dish,No,Yes,No,No,Yes,No,No,No,No,295,299.0,23,,,,,,,,,,
2024-04-23,Rice Pilaf,Side,No,No,Yes,No,No,No,No,No,Yes,109,277.0,32,,,,,,,,,,
2024-04-23,Steamed Broccoli,Vegetable,No,No,Yes,No,No,No,No,No,Yes,80,100.0,18,,,,,,,,,,
2024-04-23,Apple Slices,Fruit,No,No,No,No,No,No,No,No,No,125,189.0,0,,,,,,,,,,
2024-04-23,Brownie,Dessert,No,No,No,No,No,Yes,No,No,No,126,231.0,3,,,,,,,,,,
2024-04-24,Chicken Nuggets,Main dish,Yes,No,No,Yes,No,No,No,Yes,Yes,249,161.0,29,,,,,,,,,,
2024-04-24,French Fries,Side,No,No,Yes,Yes,No,No,No,Yes,No,141,220.0,0,,,,,,,,,,
2024-04-24,Roasted Veggies,Vegetable,No,No,Yes,No,No,No,No,No,No,90,195.0,0,,,,,,,,,,
2024-04-24,Grapes,Fruit,No,No,No,No,No,No,No,Yes,No,144,112.0,0,,,,,,,,,,
2024-04-24,Chocolate Pudding,Dessert,No,Yes,No,No,No,Yes,No,No,Yes,114,315.0,28,,,,,,,,,,
2024-04-25,Grilled Cheese Sandwich,Main dish,No,Yes,No,No,Yes,No,No,No,No,230,177.0,4,,,,,,,,,,
2024-04-25,Garlic Bread,Side,No,No,Yes,No,No,No,No,No,Yes,140,249.0,54,,,,,,,,,,
2024-04-25,Steamed Broccoli,Vegetable,No,No,Yes,No,No,No,No,No,No,96,106.0,0,,,,,,,,,,
2024-04-25,Fruit Cup,Fruit,No,No,No,No,No,Yes,No,No,No,80,248.0,0,,,,,,,,,,
2024-04-25,Brownie,Dessert,No,No,No,No,No,Yes,No,No,No,121,313.0,38,,,,,,,,,,
2024-04-26,Cheeseburger,Main dish,Yes,Yes,No,No,Yes,No,No,No,No,280,220.0,9,,,,,,,,,,
2024-04-26,Rice Pilaf,Side,No,No,Yes,No,No,No,No,No,Yes,149,297.0,49,,,,,,,,,,
2024-04-26,Carrot Sticks,Vegetable,No,No,Yes,No,No,No,No,Yes,No,110,230.0,0,,,,,,,,,,
2024-04-26,Apple Slices,Fruit,No,No,No,No,No,No,No,No,Yes,138,146.0,17,,,,,,,,,,
2024-04-26,Ice Cream Cup,Dessert,No,Yes,No,No,No,Yes,Yes,No,No,168,235.0,26,,,,,,,,,,
2024-04-29,Grilled Cheese Sandwich,Main dish,No,Yes,No,No,Yes,No,No,No,Yes,250,202.0,46,,,,,,,,,,
2024-04-29,Garlic Bread,Side,No,No,Yes,No,No,No,No,No,No,150,270.0,9,,,,,,,,,,
2024-04-29,Carrot Sticks,Vegetable,No,No,Yes,No,No,No,No,Yes,No,115,174.0,0,,,,,,,,,,
2024-04-29,Grapes,Fruit,No,No,No,No,No,No,No,Yes,No,87,153.0,0,,,,,,,,,,
2024-04-29,Cookies,Dessert,No,No,No,No,No,Yes,No,Yes,No,167,296.0,9,,,,,,,,,,
2024-04-30,Grilled Cheese Sandwich,Main dish,No,Yes,No,No,Yes,No,No,No,No,258,194.0,23,,,,,,,,,,
2024-04-30,Rice Pilaf,Side,No,No,Yes,No,No,No,No,No,No,135,252.0,4,,,,,,,,,,
2024-04-30,Mixed Salad,Vegetable,No,No,Yes,No,No,No,No,No,No,91,204.0,25,,,,,,,,,,
2024-04-30,Apple Slices,Fruit,No,No,No,No,No,No,No,No,Yes,136,133.0,18,,,,,,,,,,
2024-04-30,Ice Cream Cup,Dessert,No,Yes,No,No,No,Yes,No,No,No,130,285.0,2,,,,,,,,,,
2024-05-01,Fried Chicken,Main dish,Yes,No,No,Yes,No,No,No,No,No,229,266.0,35,,,,,,,,,,
2024-05-01,Garlic Bread,Side,No,No,Yes,No,No,No,No,No,No,104,335.0,19,,,,,,,,,,
2024-05-01,Carrot Sticks,Vegetable,No,No,Yes,No,No,No,No,Yes,Yes,97,165.0,14,,,,,,,,,,
2024-05-01,Banana,Fruit,No,No,No,No,No,Yes,No,No,No,96,123.0,10,,,,,,,,,,
2024-05-01,Cookies,Dessert,No,No,No,No,No,Yes,No,Yes,Yes,141,252.0,0,,,,,,,,,,
2024-05-02,Chicken Nuggets,Main dish,Yes,No,No,Yes,No,No,No,Yes,Yes,238,266.0,45,,,,,,,,,,
2024-05-02,French Fries,Side,No,No,Yes,Yes,No,No,No,Yes,No,117,325.0,0,,,,,,,,,,
2024-05-02,Mixed Salad,Vegetable,No,No,Yes,No,No,No,No,No,No,95,248.0,28,,,,,,,,,,
2024-05-02,Banana,Fruit,No,No,No,No,No,Yes,No,No,No,148,183.0,20,,,,,,,,,,
2024-05-02,Chocolate Pudding,Dessert,No,Yes,No,No,No,Yes,No,No,No,156,249.0,12,,,,,,,,,,
2024-05-03,Chicken Nuggets,Main dish,Yes,No,No,Yes,No,No,No,Yes,No,288,165.0,0,,,,,,,,,,
2024-05-03,Mashed Potatoes,Side,No,No,Yes,No,No,No,No,No,No,130,287.0,18,,,,,,,,,,
2024-05-03,Mixed Salad,Vegetable,No,No,Yes,No,No,No,No,No,No,103,132.0,2,,,,,,,,,,
2024-05-03,Banana,Fruit,No,No,No,No,No,Yes,No,No,Yes,118,220.0,31,,,,,,,,,,
2024-05-03,Chocolate Pudding,Dessert,No,Yes,No,No,No,Yes,No,No,No,118,262.0,0,,,,,,,,,,
2024-05-06,Chicken Nuggets,Main dish,Yes,No,No,Yes,No,No,No,Yes,Yes,220,284.0,19,,,,,,,,,,
2024-05-06,Garlic Bread,Side,No,No,Yes,No,No,No,No,No,No,127,312.0,21,,,,,,,,,,
2024-05-06,Roasted Veggies,Vegetable,No,No,Yes,No,No,No,No,No,No,85,130.0,13,,,,,,,,,,
2024-05-06,Orange Wedges,Fruit,No,No,No,No,No,No,No,Yes,No,148,120.0,0,,,,,,,,,,
2024-05-06,Ice Cream Cup,Dessert,No,Yes,No,No,No,Yes,No,No,No,172,265.0,17,,,,,,,,,,
2024-05-07,Grilled Cheese Sandwich,Main dish,No,Yes,No,No,Yes,No,No,No,No,292,170.0,17,,,,,,,,,,
2024-05-07,Garlic Bread,Side,No,No,Yes,No,No,No,No,No,No,125,321.0,19,,,,,,,,,,
2024-05-07,Green Beans,Vegetable,No,No,Yes,No,No,No,No,No,Yes,100,160.0,36,,,,,,,,,,
2024-05-07,Banana,Fruit,No,No,No,No,No,Yes,No,No,No,101,232.0,0,,,,,,,,,,
2024-05-07,Brownie,Dessert,No,No,No,No,No,Yes,No,No,No,175,317.0,25,,,,,,,,,,
2024-05-08,Fried Chicken,Main dish,Yes,No,No,Yes,No,No,No,No,Yes,263,166.0,48,,,,,,,,,,
2024-05-08,French Fries,Side,No,No,Yes,Yes,No,No,No,Yes,No,115,332.0,0,,,,,,,,,,
2024-05-08,Steamed Broccoli,Vegetable,No,No,Yes,No,No,No,No,No,Yes,103,118.0,26,,,,,,,,,,
2024-05-08,Orange Wedges,Fruit,No,No,No,No,No,No,No,Yes,Yes,113,244.0,25,,,,,,,,,,
2024-05-08,Ice Cream Cup,Dessert,No,Yes,No,No,No,Yes,No,No,No,109,315.0,7,,,,,,,,,,
2024-05-09,Chicken Nuggets,Main dish,Yes,No,No,Yes,No,No,No,Yes,No,272,192.0,6,,,,,,,,,,
2024-05-09,Mashed Potatoes,Side,No,No,Yes,No,No,No,No,No,No,139,271.0,0,,,,,,,,,,
2024-05-09,Mixed Salad,Vegetable,No,No,Yes,No,No,No,No,No,No,86,178.0,3,,,,,,,,,,
2024-05-09,Grapes,Fruit,No,No,No,No,No,No,No,Yes,No,146,214.0,0,,,,,,,,,,
2024-05-09,Ice Cream Cup,Dessert,No,Yes,No,No,No,Yes,No,No,No,151,202.0,0,,,,,,,,,,
2024-05-10,Fried Chicken,Main dish,Yes,No,No,Yes,No,No,No,No,Yes,241,207.0,44,,,,,,,,,,
2024-05-10,Rice Pilaf,Side,No,No,Yes,No,No,No,No,No,No,137,333.0,15,,,,,,,,,,
2024-05-10,Steamed Broccoli,Vegetable,No,No,Yes,No,No,No,No,No,No,114,174.0,9,,,,,,,,,,
2024-05-10,Fruit Cup,Fruit,No,No,No,No,No,Yes,Yes,No,Yes,99,222.0,54,,,,,,,,,,
2024-05-10,Apple Pie,Dessert,No,No,No,No,No,Yes,No,No,Yes,146,284.0,47,,,,,,,,,,
2024-05-13,Chicken Nuggets,Main dish,Yes,No,No,Yes,No,No,No,Yes,Yes,297,241.0,9,,,,,,,,,,
2024-05-13,Garlic Bread,Side,No,No,Yes,No,No,No,No,No,No,134,204.0,9,,,,,,,,,,
2024-05-13,Mixed Salad,Vegetable,No,No,Yes,No,No,No,No,No,No,90,178.0,9,,,,,,,,,,
2024-05-13,Grapes,Fruit,No,No,No,No,No,No,No,Yes,Yes,141,218.0,25,,,,,,,,,,
2024-05-13,Cookies,Dessert,No,No,No,No,No,Yes,No,Yes,No,155,213.0,1,,,,,,,,,,
2024-05-14,Cheeseburger,Main dish,Yes,Yes,No,No,Yes,No,No,No,No,252,260.0,15,,,,,,,,,,
2024-05-14,French Fries,Side,No,No,Yes,Yes,No,No,No,Yes,No,125,333.0,29,,,,,,,,,,
2024-05-14,Carrot Sticks,Vegetable,No,No,Yes,No,No,No,No,Yes,No,108,225.0,7,,,,,,,,,,
2024-05-14,Fruit Cup,Fruit,No,No,No,No,No,Yes,No,No,No,103,185.0,18,,,,,,,,,,
2024-05-14,Ice Cream Cup,Dessert,No,Yes,No,No,No,Yes,No,No,No,134,348.0,12,,,,,,,,,,
2024-05-15,Grilled Cheese Sandwich,Main dish,No,Yes,No,No,Yes,No,No,No,Yes,296,198.0,37,,,,,,,,,,
2024-05-15,Mashed Potatoes,Side,No,No,Yes,No,No,No,No,No,No,116,213.0,1,,,,,,,,,,
2024-05-15,Green Beans,Vegetable,No,No,Yes,No,No,No,No,No,No,117,168.0,24,,,,,,,,,,
2024-05-15,Orange Wedges,Fruit,No,No,No,No,No,No,No,Yes,Yes,125,124.0,9,,,,,,,,,,
2024-05-15,Apple Pie,Dessert,No,No,No,No,No,Yes,No,No,No,127,202.0,19,,,,,,,,,,
2024-05-16,Spaghetti Bolognese,Main dish,Yes,No,No,No,Yes,No,No,No,No,256,181.0,11,,,,,,,,,,
2024-05-16,Garlic Bread,Side,No,No,Yes,No,No,No,No,No,No,116,249.0,9,,,,,,,,,,
2024-05-16,Steamed Broccoli,Vegetable,No,No,Yes,No,No,No,No,No,Yes,115,151.0,21,,,,,,,,,,
2024-05-16,Fruit Cup,Fruit,No,No,No,No,No,Yes,No,No,Yes,144,180.0,25,,,,,,,,,,
2024-05-16,Ice Cream Cup,Dessert,No,Yes,No,No,No,Yes,No,No,No,113,208.0,7,,,,,,,,,,
2024-05-17,Chicken Nuggets,Main dish,Yes,No,No,Yes,No,No,No,Yes,Yes,277,275.0,37,,,,,,,,,,
2024-05-17,Mashed Potatoes,Side,No,No,Yes,No,No,No,No,No,Yes,110,204.0,21,,,,,,,,,,
2024-05-17,Mixed Salad,Vegetable,No,No,Yes,No,No,No,No,No,No,82,183.0,13,,,,,,,,,,
2024-05-17,Grapes,Fruit,No,No,No,No,No,No,No,Yes,Yes,144,177.0,17,,,,,,,,,,
2024-05-17,Apple Pie,Dessert,No,No,No,No,No,Yes,No,No,No,151,264.0,6,,,,,,,,,,
2024-05-20,Cheeseburger,Main dish,Yes,Yes,No,No,Yes,No,No,No,Yes,263,187.0,15,,,,,,,,,,
2024-05-20,Rice Pilaf,Side,No,No,Yes,No,No,No,No,No,No,110,332.0,10,,,,,,,,,,
2024-05-20,Roasted Veggies,Vegetable,No,No,Yes,No,No,No,No,No,Yes,106,139.0,30,,,,,,,,,,
2024-05-20,Grapes,Fruit,No,No,No,No,No,No,No,Yes,No,90,137.0,0,,,,,,,,,,
2024-05-20,Brownie,Dessert,No,No,No,No,No,Yes,No,No,No,168,247.0,30,,,,,,,,,,
2024-05-21,Chicken Nuggets,Main dish,Yes,No,No,Yes,No,No,No,Yes,No,214,194.0,0,,,,,,,,,,
2024-05-21,Mac and Cheese,Side,No,Yes,Yes,No,Yes,No,No,No,Yes,115,321.0,76,,,,,,,,,,
2024-05-21,Carrot Sticks,Vegetable,No,No,Yes,No,No,No,No,Yes,Yes,118,241.0,0,,,,,,,,,,
2024-05-21,Fruit Cup,Fruit,No,No,No,No,No,Yes,No,No,Yes,131,188.0,24,,,,,,,,,,
2024-05-21,Brownie,Dessert,No,No,No,No,No,Yes,No,No,No,132,300.0,39,,,,,,,,,,
2024-05-22,Cheeseburger,Main dish,Yes,Yes,No,No,Yes,No,No,No,Yes,224,180.0,30,,,,,,,,,,
2024-05-22,Garlic Bread,Side,No,No,Yes,No,No,No,No,No,No,142,327.0,0,,,,,,,,,,
2024-05-22,Green Beans,Vegetable,No,No,Yes,No,No,No,No,No,Yes,86,137.0,11,,,,,,,,,,
2024-05-22,Grapes,Fruit,No,No,No,No,No,No,No,Yes,Yes,96,212.0,20,,,,,,,,,,
2024-05-22,Apple Pie,Dessert,No,No,No,No,No,Yes,No,No,No,105,288.0,8,,,,,,,,,,
2024-05-23,Fried Chicken,Main dish,Yes,No,No,Yes,No,No,No,No,Yes,239,152.0,11,,,,,,,,,,
2024-05-23,Rice Pilaf,Side,No,No,Yes,No,No,No,No,No,No,106,343.0,33,,,,,,,,,,
2024-05-23,Steamed Broccoli,Vegetable,No,No,Yes,No,No,No,No,No,No,84,126.0,10,,,,,,,,,,
2024-05-23,Apple Slices,Fruit,No,No,No,No,No,No,No,No,No,96,156.0,12,,,,,,,,,,
2024-05-23,Apple Pie,Dessert,No,No,No,No,No,Yes,No,No,Yes,157,219.0,12,,,,,,,,,,
2024-05-24,Chicken Nuggets,Main dish,Yes,No,No,Yes,No,No,No,Yes,Yes,258,223.0,19,,,,,,,,,,
2024-05-24,Mac and Cheese,Side,No,Yes,Yes,No,Yes,No,No,No,No,117,219.0,3,,,,,,,,,,
2024-05-24,Green Beans,Vegetable,No,No,Yes,No,No,No,No,No,No,112,214.0,9,,,,,,,,,,
2024-05-24,Orange Wedges,Fruit,No,No,No,No,No,No,No,Yes,No,118,194.0,13,,,,,,,,,,
2024-05-24,Chocolate Pudding,Dessert,No,Yes,No,No,No,Yes,No,No,Yes,113,248.0,22,,,,,,,,,,
2024-05-27,Chicken Nuggets,Main dish,Yes,No,No,Yes,No,No,Yes,Yes,Yes,261,193.0,27,,,,,,,,,,
2024-05-27,Mashed Potatoes,Side,No,No,Yes,No,No,No,No,No,No,134,244.0,16,,,,,,,,,,
2024-05-27,Roasted Veggies,Vegetable,No,No,Yes,No,No,No,Yes,No,No,100,196.0,0,,,,,,,,,,
2024-05-27,Orange Wedges,Fruit,No,No,No,No,No,No,No,Yes,No,102,124.0,2,,,,,,,,,,
2024-05-27,Apple Pie,Dessert,No,No,No,No,No,Yes,No,No,No,175,302.0,26,,,,,,,,,,
2024-05-28,Cheeseburger,Main dish,Yes,Yes,No,No,Yes,No,No,No,No,233,241.0,16,,,,,,,,,,
2024-05-28,French Fries,Side,No,No,Yes,Yes,No,No,No,Yes,No,145,330.0,0,,,,,,,,,,
2024-05-28,Mixed Salad,Vegetable,No,No,Yes,No,No,No,No,No,No,120,183.0,0,,,,,,,,,,
2024-05-28,Fruit Cup,Fruit,No,No,No,No,No,Yes,No,No,No,136,164.0,10,,,,,,,,,,
2024-05-28,Cookies,Dessert,No,No,No,No,No,Yes,No,Yes,No,103,350.0,0,,,,,,,,,,
2024-05-29,Grilled Cheese Sandwich,Main dish,No,Yes,No,No,Yes,No,No,No,Yes,238,152.0,16,,,,,,,,,,
2024-05-29,Mashed Potatoes,Side,No,No,Yes,No,No,No,No,No,Yes,149,287.0,51,,,,,,,,,,
2024-05-29,Steamed Broccoli,Vegetable,No,No,Yes,No,No,No,No,No,No,84,193.0,16,,,,,,,,,,
2024-05-29,Grapes,Fruit,No,No,No,No,No,No,No,Yes,No,137,202.0,0,,,,,,,,,,
2024-05-29,Apple Pie,Dessert,No,No,No,No,No,Yes,No,No,No,101,242.0,40,,,,,,,,,,
2024-05-30,Cheeseburger,Main dish,Yes,Yes,No,No,Yes,No,No,No,Yes,281,209.0,19,,,,,,,,,,
2024-05-30,Rice Pilaf,Side,No,No,Yes,No,No,No,No,No,No,143,275.0,3,,,,,,,,,,
2024-05-30,Roasted Veggies,Vegetable,No,No,Yes,No,No,No,No,No,No,92,105.0,7,,,,,,,,,,
2024-05-30,Banana,Fruit,No,No,No,No,No,Yes,No,No,Yes,132,176.0,18,,,,,,,,,,
2024-05-30,Cookies,Dessert,No,No,No,No,No,Yes,No,Yes,No,155,313.0,0,,,,,,,,,,
2024-05-31,Fried Chicken,Main dish,Yes,No,No,Yes,No,No,No,No,No,234,221.0,19,,,,,,,,,,
2024-05-31,Mac and Cheese,Side,No,Yes,Yes,No,Yes,No,No,No,Yes,130,305.0,49,,,,,,,,,,
2024-05-31,Mixed Salad,Vegetable,No,No,Yes,No,No,No,No,No,No,81,223.0,19,,,,,,,,,,
2024-05-31,Apple Slices,Fruit,No,No,No,No,No,No,No,No,No,119,201.0,5,,,,,,,,,,
2024-05-31,Chocolate Pudding,Dessert,No,Yes,No,No,No,Yes,No,No,Yes,145,329.0,37,,,,,,,,,,
2024-06-03,Cheeseburger,Main dish,Yes,Yes,No,No,Yes,No,No,No,No,296,283.0,21,,,,,,,,,,
2024-06-03,Rice Pilaf,Side,No,No,Yes,No,No,No,No,No,No,105,205.0,1,,,,,,,,,,
2024-06-03,Carrot Sticks,Vegetable,No,No,Yes,No,No,No,No,Yes,No,97,154.0,6,,,,,,,,,,
2024-06-03,Orange Wedges,Fruit,No,No,No,No,No,No,No,Yes,No,140,140.0,3,,,,,,,,,,
2024-06-03,Ice Cream Cup,Dessert,No,Yes,No,No,No,Yes,No,No,No,142,317.0,25,,,,,,,,,,
2024-06-04,Chicken Nuggets,Main dish,Yes,No,No,Yes,No,No,No,Yes,Yes,287,244.0,35,,,,,,,,,,
2024-06-04,Garlic Bread,Side,No,No,Yes,No,No,No,No,No,Yes,128,345.0,57,,,,,,,,,,
2024-06-04,Carrot Sticks,Vegetable,No,No,Yes,No,No,No,No,Yes,Yes,100,214.0,49,,,,,,,,,,
2024-06-04,Apple Slices,Fruit,No,No,No,No,No,No,No,No,No,111,239.0,3,,,,,,,,,,
2024-06-04,Ice Cream Cup,Dessert,No,Yes,No,No,No,Yes,No,No,No,120,335.0,37,,,,,,,,,,
2024-06-05,Chicken Nuggets,Main dish,Yes,No,No,Yes,No,No,No,Yes,No,299,157.0,0,,,,,,,,,,
2024-06-05,Mac and Cheese,Side,No,Yes,Yes,No,Yes,No,No,No,Yes,149,243.0,30,,,,,,,,,,
2024-06-05,Steamed Broccoli,Vegetable,No,No,Yes,No,No,No,No,No,No,99,237.0,13,,,,,,,,,,
2024-06-05,Banana,Fruit,No,No,No,No,No,Yes,No,No,No,116,228.0,7,,,,,,,,,,
2024-06-05,Chocolate Pudding,Dessert,No,Yes,No,No,No,Yes,No,No,Yes,124,304.0,41,,,,,,,,,,
2024-06-06,Grilled Cheese Sandwich,Main dish,No,Yes,No,No,Yes,No,No,No,Yes,268,257.0,51,,,,,,,,,,
2024-06-06,French Fries,Side,No,No,Yes,Yes,No,No,No,Yes,No,108,341.0,12,,,,,,,,,,
2024-06-06,Mixed Salad,Vegetable,No,No,Yes,No,No,No,No,No,No,108,136.0,10,,,,,,,,,,
2024-06-06,Orange Wedges,Fruit,No,No,No,No,No,No,No,Yes,Yes,130,149.0,19,,,,,,,,,,
2024-06-06,Cookies,Dessert,No,No,No,No,No,Yes,No,Yes,No,122,320.0,0,,,,,,,,,,
2025-03-30,apple,Fruit,,,,,,,,,,182,,2,No,No,No,No,No,Yes,No,Yes,No,0.0
