Timestamp,Source,Detection,Confidence
2025-03-30 09:45:15,Detection,apple (0.58),0.5805194973945618
2025-03-30 09:45:16,Detection,apple (0.64),0.6399443000555038
2025-03-30 09:45:16,Detection,apple (0.68),0.6768976211547851
2025-03-30 09:45:16,Detection,apple (0.74),0.7361080884933472
2025-03-30 09:45:16,Detection,apple (0.79),0.7917506098747253
2025-03-30 09:45:16,Detection,apple (0.81),0.8142401218414307
2025-03-30 09:45:17,Detection,apple (0.81),0.8149381041526794
2025-03-30 09:45:17,Detection,apple (0.82),0.8201096653938293
2025-03-30 09:45:17,Detection,apple (0.83),0.8260096311569214
2025-03-30 09:45:17,Detection,apple (0.82),0.8228458762168884
2025-03-30 09:45:17,Detection,apple (0.82),0.8152680397033691
2025-03-30 09:45:18,Detection,apple (0.80),0.8027921915054321
2025-03-30 09:45:18,Detection,apple (0.78),0.7803484678268433
2025-03-30 09:45:18,Detection,apple (0.77),0.7661716341972351
2025-03-30 09:45:18,Detection,apple (0.77),0.7679549217224121
2025-03-30 09:45:18,Detection,apple (0.76),0.7647763848304748
2025-03-30 09:45:19,Custom,apple (0.77),0.7661381363868713
2025-03-30 09:45:19,Detection,apple (0.77),0.7695857733488083
2025-03-30 09:45:19,Detection,apple (0.77),0.7679675966501236
2025-03-30 09:45:19,Detection,apple (0.77),0.7706466466188431
2025-03-30 09:45:19,Detection,apple (0.79),0.7911200672388077
2025-03-30 09:45:20,Detection,apple (0.79),0.7874368667602539
2025-03-30 09:45:20,Detection,apple (0.76),0.7644938468933106
2025-03-30 09:45:20,Detection,apple (0.73),0.7299313426017762
2025-03-30 09:45:20,Custom,apple (0.70),0.7035138756036758
2025-03-30 09:45:20,Custom,apple (0.66),0.659986694653829
2025-03-30 09:45:21,Detection,apple (0.68),0.6759807666142782
2025-03-30 09:45:22,Custom,apple (0.68),0.6759807666142782
2025-03-30 09:45:22,Detection,apple (0.68),0.6785058379173279
2025-03-30 09:45:22,Custom,apple (0.66),0.659139096736908
